-- MariaDB dump 10.17  Distrib 10.4.15-MariaDB, for Linux (x86_64)
--
-- Host: mysql.hostinger.ro    Database: u574849695_20
-- ------------------------------------------------------
-- Server version	10.4.15-MariaDB-cll-lve

/*!40101 SET @OLD_CHARACTER_SET_CLIENT=@@CHARACTER_SET_CLIENT */;
/*!40101 SET @OLD_CHARACTER_SET_RESULTS=@@CHARACTER_SET_RESULTS */;
/*!40101 SET @OLD_COLLATION_CONNECTION=@@COLLATION_CONNECTION */;
/*!40101 SET NAMES utf8mb4 */;
/*!40103 SET @OLD_TIME_ZONE=@@TIME_ZONE */;
/*!40103 SET TIME_ZONE='+00:00' */;
/*!40014 SET @OLD_UNIQUE_CHECKS=@@UNIQUE_CHECKS, UNIQUE_CHECKS=0 */;
/*!40014 SET @OLD_FOREIGN_KEY_CHECKS=@@FOREIGN_KEY_CHECKS, FOREIGN_KEY_CHECKS=0 */;
/*!40101 SET @OLD_SQL_MODE=@@SQL_MODE, SQL_MODE='NO_AUTO_VALUE_ON_ZERO' */;
/*!40111 SET @OLD_SQL_NOTES=@@SQL_NOTES, SQL_NOTES=0 */;

--
-- Table structure for table `communities`
--

DROP TABLE IF EXISTS `communities`;
/*!40101 SET @saved_cs_client     = @@character_set_client */;
/*!40101 SET character_set_client = utf8 */;
CREATE TABLE `communities` (
  `id` bigint(20) unsigned NOT NULL AUTO_INCREMENT,
  `name` varchar(145) COLLATE utf8mb4_unicode_ci NOT NULL,
  `description` varchar(245) COLLATE utf8mb4_unicode_ci DEFAULT NULL,
  PRIMARY KEY (`id`),
  UNIQUE KEY `id` (`id`),
  KEY `communities_name_idx` (`name`)
) ENGINE=InnoDB AUTO_INCREMENT=101 DEFAULT CHARSET=utf8mb4 COLLATE=utf8mb4_unicode_ci;
/*!40101 SET character_set_client = @saved_cs_client */;

--
-- Dumping data for table `communities`
--

LOCK TABLES `communities` WRITE;
/*!40000 ALTER TABLE `communities` DISABLE KEYS */;
INSERT INTO `communities` VALUES (1,'blanditiis','Ut repellendus inventore et neque. Dolor praesentium iusto aut provident id. Ipsam cumque quam laborum laboriosam.'),(2,'vel','Sit amet eius repellat vero fuga. Exercitationem autem est quia natus rem saepe. Quis quas dolore beatae. Delectus numquam in expedita nisi. Architecto temporibus consequuntur nisi libero accusamus repellendus.'),(3,'culpa','Et qui reprehenderit officiis minus. Deleniti ut labore atque sunt error dolorum aut natus. Ut quidem unde nisi facilis id aut.'),(4,'ut','Reiciendis a unde cum enim sapiente. Nam maiores eaque dolorem exercitationem. Illo aut laboriosam error est repudiandae porro. Quia qui quo voluptatem aut. Quia officia dicta vitae.'),(5,'inventore','Minus iure assumenda voluptatibus quo occaecati voluptatem. Rerum soluta praesentium et sequi. Maiores sit inventore et aspernatur et explicabo.'),(6,'eius','Consectetur id eaque assumenda molestiae cum dicta eum quae. Magnam quidem deserunt et commodi. A voluptates ea sit velit totam et. Possimus voluptatibus iure commodi fugiat beatae ut.'),(7,'dignissimos','Enim nemo quia quia provident iste. Tenetur atque exercitationem qui id occaecati. Voluptatum molestias commodi labore tempora est id at.'),(8,'est','Reprehenderit qui eum ipsum. Et qui nemo voluptatibus. Quod quos cumque illo nostrum est ducimus non nemo.'),(9,'quisquam','Aut eum perferendis atque incidunt. Delectus perferendis neque perspiciatis. Consequuntur suscipit consequatur facilis sapiente enim.'),(10,'aut','Autem quisquam nisi nemo delectus neque. Id ut voluptas qui dicta in occaecati vel. Amet odio possimus officia omnis. Non et est est expedita pariatur nostrum.'),(11,'quia','Et provident quidem minus in. Saepe eum aperiam voluptas eveniet iusto ab sed.'),(12,'cupiditate','In non cum provident recusandae et et repellat quis. Consequatur aut ut corrupti porro rem provident vitae molestias.'),(13,'quidem','Esse ea et non sit ipsum. Consequatur commodi qui doloribus aperiam ea exercitationem. Eos in asperiores adipisci. Ex sit et aut dolor.'),(14,'voluptas','Earum nemo harum eos qui enim est. Accusamus placeat incidunt ut esse tempora ipsam et assumenda. Dolor excepturi vel dignissimos ut cumque aut minima. Facilis similique dolorem deserunt similique soluta est cumque.'),(15,'quo','Veritatis beatae expedita ducimus quisquam ab vel sed. Est reprehenderit quis animi at ipsam ducimus. Delectus minima non eius eaque dolorum ut repudiandae.'),(16,'est','Velit ad mollitia veritatis. Ut dolorum est amet aut provident. Laudantium id delectus explicabo qui saepe quos omnis. Debitis quae fuga architecto molestias.'),(17,'dolores','Perspiciatis nisi libero similique. Impedit est esse aut eveniet perferendis. Fugiat sapiente delectus distinctio quia rerum facilis eius.'),(18,'eos','Quia non sunt impedit sed maiores reiciendis ut dolorem. Non autem sed perspiciatis eveniet non. Ut aperiam laudantium est deserunt suscipit eos quas. Fugiat fuga molestias vero similique quam nulla odit eaque.'),(19,'eligendi','Ea dolorem non molestiae occaecati sed. Quae aut et quod molestias. Nulla inventore dolor adipisci fugiat adipisci voluptates. Incidunt fuga dolores asperiores aut incidunt fugit est.'),(20,'molestiae','At et illum porro tempora ut. Ipsa nihil ut reprehenderit aperiam dolor facere. Mollitia dolorem eos maxime placeat incidunt tenetur. Autem quis atque maiores.'),(21,'quibusdam','Facere qui autem doloribus aut dolores qui. Perferendis est et magnam nisi. Eligendi molestias quis nihil sunt tempore possimus. Voluptas sint eius culpa et.'),(22,'soluta','Et qui est voluptate quae commodi assumenda qui. Ut quia aperiam est in ut maiores rerum. Eum laborum necessitatibus perferendis ut possimus enim. Aspernatur aut consequatur quia ut.'),(23,'temporibus','Provident voluptatibus repellendus minima assumenda. Qui similique maxime impedit vero. Magni et est neque nihil iusto quo.'),(24,'repellat','Est vel blanditiis est voluptatem fugiat dignissimos in. Officia cum dolores qui dolores debitis. Quo alias sunt error. Quia odio assumenda fuga sit deleniti quis.'),(25,'non','Quod tempora est unde sunt et sint dicta. Sed error est ipsum libero quas minima. Est optio quaerat culpa doloremque sunt sunt debitis. Eum ipsam dolore libero corrupti accusamus autem.'),(26,'autem','Et magnam aut et et rem voluptatem placeat. Sapiente cupiditate est rerum excepturi blanditiis. Blanditiis qui laboriosam omnis a.'),(27,'error','Adipisci ut totam ut ea alias dolorem nostrum. Architecto in sequi et totam. Accusantium laborum et illum velit aut iure necessitatibus.'),(28,'ipsam','Rem dolor repellat esse cumque et. Commodi laborum ipsa fugiat debitis. Sit maiores veniam quas voluptas accusantium ea.'),(29,'cum','Cum voluptatum consequatur nisi dolores consequatur quaerat repellendus. Minima commodi dolorum reiciendis. Omnis molestias quibusdam itaque in et sint enim. Placeat beatae ea dolorum vel ut velit laudantium velit.'),(30,'vel','Dolores velit sed impedit labore. Temporibus sed tempore qui ut. Ut cumque nisi architecto omnis libero quae labore. Et ut consequuntur quos modi tempore.'),(31,'ducimus','Quae corrupti sed sit iste. Occaecati corporis molestias id. Voluptate perspiciatis illo rem et est. Corrupti praesentium at ut hic quidem dolor fugiat et.'),(32,'et','Dolor saepe deserunt et et voluptatibus quo iusto cum. Laudantium repudiandae corrupti quia qui aliquam. Quos et blanditiis a doloremque harum.'),(33,'et','Fuga adipisci qui vel praesentium sed et dolorem nemo. Dolorem iste possimus doloremque pariatur molestiae voluptas. Voluptatum ex eius suscipit. Sed velit repellendus iure placeat id nihil voluptas.'),(34,'aliquam','Quas enim ut ad repellat tempora. Assumenda et tenetur et temporibus. Ipsa qui fugit eius ut qui quam incidunt. Facilis odit quis nulla error iusto dolores enim odio.'),(35,'et','Occaecati sunt aut dicta aperiam sequi sed. Repellendus necessitatibus itaque libero dignissimos nihil eos. Minus et soluta corrupti voluptatibus qui. Natus omnis magni quibusdam qui dolorum voluptatem nostrum.'),(36,'odio','Corporis optio aut quia ut corrupti. Suscipit qui doloribus qui dolor ut. Fugit libero non ex.'),(37,'sint','Ut recusandae excepturi beatae. Est quasi aperiam commodi quis. Optio laboriosam sit dolorum commodi.'),(38,'dolor','Quo quaerat optio aperiam et. Ipsam et et dolor consectetur corrupti. Quia ex distinctio expedita officiis.'),(39,'quidem','Deleniti in rerum enim quasi quibusdam reprehenderit. Veritatis aut quis alias.'),(40,'perferendis','Praesentium quis aut quasi molestiae repellendus labore. Quia distinctio provident voluptatem aliquam harum quo dolorum. Aut labore ea vel quo deleniti eum. Repellendus in omnis aut corrupti vitae maxime ut.'),(41,'est','Iusto beatae explicabo voluptatem ducimus rerum doloribus dolorum blanditiis. Nemo omnis sunt sed. Consequuntur laboriosam optio illo rerum dolorem ut suscipit.'),(42,'quidem','Reiciendis nesciunt illum facere aut. Esse consequatur ut alias sit sed assumenda labore inventore. Hic aut reprehenderit blanditiis cumque.'),(43,'officia','Nisi ducimus veritatis deserunt vitae sint. Nemo beatae deserunt earum repellendus molestiae omnis non. Similique nesciunt quia nobis ad voluptatem ratione placeat.'),(44,'aliquid','Labore consequatur quis nobis deleniti tenetur. Ducimus est laborum ut. Magni omnis et nulla autem dolor. Rerum et consectetur numquam corporis temporibus sapiente voluptas.'),(45,'beatae','Et et dolores vel ab. Ea facilis alias enim ad odit voluptate. Voluptates dolores eveniet soluta vel mollitia.'),(46,'qui','Corrupti repellat qui magni adipisci ea porro. Rerum id inventore maiores laboriosam numquam explicabo animi ut. Est vitae aperiam omnis voluptates earum. Explicabo et autem qui neque eveniet facere totam quibusdam. Veritatis unde explicabo comm'),(47,'non','Beatae vero adipisci dolores. Sed aut labore consequatur eveniet dicta dolor.'),(48,'voluptas','Itaque est est ea. Iste totam ea rem debitis. Facilis qui amet tempore ullam quasi unde.'),(49,'laboriosam','Et velit harum consequatur omnis voluptas consequatur. Labore sit vel voluptatum. Vel officiis autem voluptatibus id excepturi doloremque.'),(50,'voluptatem','Sit unde dolor minus asperiores est. Eveniet et cumque distinctio rerum consequatur consequatur similique harum. Nobis beatae ea vero id optio. Harum temporibus ea laboriosam commodi temporibus corporis.'),(51,'corrupti','Autem itaque molestiae accusamus cumque et quo ipsa. Illum voluptatem non et eligendi dolore. Recusandae nihil corporis quis velit.'),(52,'dolorem','Culpa nulla molestias quibusdam. Veritatis ullam voluptatum dicta et voluptas. Minus porro qui sed ut quo.'),(53,'dolor','Eum dolorem dolorem qui est. Incidunt et in rerum. Et velit aliquam et numquam doloribus. Nostrum quidem deleniti rem quam.'),(54,'voluptatem','Qui eos omnis sint ullam minus animi at. Omnis laborum facilis eaque qui impedit.'),(55,'in','Impedit aut porro vel voluptatem aperiam. Illo dolores qui voluptas sed et quis est. Consequatur saepe alias minus officia voluptatem aliquid. Animi aliquid quisquam aut repudiandae est nemo hic. Debitis qui nisi consequatur.'),(56,'sit','Quibusdam itaque rem et repudiandae. Voluptas necessitatibus sit nostrum earum. Sit cum atque ex voluptas molestias. Neque rerum iusto porro aspernatur voluptatum reprehenderit.'),(57,'sunt','A ut et voluptas a praesentium. Dolores voluptatem sequi in ipsa rerum nostrum tempore. Laudantium repudiandae repudiandae autem labore.'),(58,'omnis','Sed aut illo ducimus. Minima quidem expedita eum dolorum. Enim qui eaque cupiditate suscipit.'),(59,'et','Earum nam voluptatem asperiores eaque rerum voluptas. Fugit iure sed hic aut. Atque sunt quod asperiores hic.'),(60,'voluptatem','Voluptate aut et numquam ab dignissimos similique. Repellat nam qui asperiores fuga veniam. Consequatur laboriosam tempore esse voluptatem. Accusamus aut ea inventore optio odit saepe mollitia voluptatem.'),(61,'fuga','Blanditiis minus sint ipsam explicabo aspernatur doloremque. Vel totam ipsam officia et adipisci laboriosam ducimus ut. Earum sed nisi est adipisci sit qui amet.'),(62,'assumenda','Voluptate totam neque nulla quod ut nihil quia. Saepe quo dolor culpa eum vitae et qui. Nihil iusto deleniti sed facere et. Et dolor voluptatem et culpa est et nihil.'),(63,'quis','Eum atque praesentium eos praesentium error provident repudiandae. Minima et incidunt eos. Quis deserunt repellendus ut vitae. Dolor aliquam et corrupti fuga dolores aliquam. Cum non alias dolorem dignissimos tempore voluptatem aut.'),(64,'qui','Reprehenderit et omnis vitae eos omnis eum praesentium et. Aut ut repudiandae sint enim autem dignissimos non. Non eos aperiam ipsa veniam. Non itaque sed doloribus qui et. Recusandae doloremque consequatur sunt laudantium quasi commodi.'),(65,'quia','Dolorum qui soluta perspiciatis id est reprehenderit voluptatum. Ut ut nihil earum velit reprehenderit quisquam.'),(66,'dolores','In dicta deleniti sed tenetur voluptatibus totam ut. Nam nulla eius dolores quisquam. Qui odit consectetur est qui eum ipsam.'),(67,'est','Doloremque et est maiores quod aut. Omnis omnis nostrum quia ipsa laboriosam ut occaecati. Temporibus ea omnis exercitationem nulla. Similique consequatur perferendis et et vero at aliquid.'),(68,'explicabo','Reprehenderit libero ut recusandae natus iusto ullam. Enim animi aperiam sit beatae explicabo placeat id. Aut ut sint aut fugit.'),(69,'pariatur','Quaerat odio ut amet in quibusdam officiis. Dolorem aut vel ut qui temporibus et dolores.'),(70,'perferendis','Dolore delectus illum velit vel. Asperiores itaque exercitationem suscipit voluptatum non nostrum mollitia. Optio ut pariatur natus nesciunt et. Soluta ea voluptatem veritatis.'),(71,'voluptatem','Omnis ab et nam porro aliquam cumque. Quasi qui quia ea excepturi. Beatae commodi quia sed rerum repellat tenetur. Dolor debitis est ut eaque commodi. Iusto praesentium odit dolorum quam.'),(72,'aut','Ut sed et et. Sint repellendus atque recusandae totam doloremque.'),(73,'deserunt','Esse non aut quia suscipit non. Repudiandae doloremque tempora quia qui aut illum numquam. Voluptas ipsam incidunt amet magni deleniti consequatur unde. Accusantium quas ipsa eos consequatur expedita.'),(74,'amet','Maxime aut aut aspernatur suscipit eos corrupti. Iusto maxime pariatur libero porro praesentium accusamus. Dicta ea mollitia reprehenderit iure.'),(75,'aspernatur','Id illum quia consequatur corrupti quisquam dolore nisi. Nobis et saepe quis iusto facilis adipisci vel. Qui vero at et. Quas quibusdam ipsa quia adipisci sint velit.'),(76,'repellat','Deleniti ducimus tempora cupiditate ut eaque vitae reiciendis aut. Aut quos iste beatae est libero est. Facere inventore aut officia in et beatae ut.'),(77,'sed','Nihil dolore ab non eos recusandae quia dolorem. Nihil doloribus aut voluptatem amet temporibus est porro. Nihil ut magni nihil veniam quidem culpa quo.'),(78,'quod','Perspiciatis itaque facilis eveniet cum. Fugit cumque dolorem reiciendis repellat consequatur magni.'),(79,'tempora','Corrupti qui praesentium harum sit. Perferendis totam praesentium dignissimos voluptates tenetur nemo. Rerum et maxime explicabo quasi corrupti tempore. Magni recusandae nemo ratione soluta sit enim alias inventore. Explicabo necessitatibus enim'),(80,'aut','Modi eum ut magni iure eligendi quo quos. Occaecati est rerum temporibus culpa inventore aspernatur. Maxime qui consequatur occaecati rerum. Est dolorem neque omnis delectus distinctio voluptatibus eos vero.'),(81,'et','Expedita ratione culpa officiis quibusdam aut nesciunt. Minus neque et nam sunt et sint ut. Ipsum est ea qui minima culpa consequuntur.'),(82,'eum','Quas est sunt aperiam dolorem. Explicabo error illum aut. Dolor consequuntur nulla fuga dolorem. Magni tempora totam at quae rerum.'),(83,'est','Eligendi et ad quod impedit omnis repellendus. Nobis aliquid culpa eius aliquam. Et consectetur incidunt delectus facere. Qui accusantium dolorem pariatur magni illo.'),(84,'repudiandae','Quis et quae corrupti. Quia reiciendis possimus porro suscipit fugit voluptas. Sunt unde repellendus aliquam nam et fuga nesciunt.'),(85,'in','Eligendi assumenda debitis quo ut iste mollitia dolorem. Dolore pariatur illum officiis nostrum inventore laudantium ab voluptas. Iure quis deserunt voluptatem nisi sint tempora sed. Animi nemo eveniet deleniti cumque ea.'),(86,'aspernatur','Aliquam aut totam sed perferendis. Veritatis nemo incidunt saepe eum eveniet delectus fugit. Aspernatur repellat corporis voluptatem nemo et voluptas. Voluptates sit architecto quidem sed.'),(87,'et','Tenetur autem vero repudiandae ut est vel asperiores facilis. Quas quibusdam et debitis ut ipsam non et sequi. Saepe non cupiditate ea voluptatem in. Qui illo odio aperiam libero quae culpa deleniti rerum.'),(88,'atque','Ea voluptas voluptatibus molestiae voluptatem. Est quasi qui qui repellat velit velit nostrum. Tenetur accusantium cum aut quia soluta sed voluptas.'),(89,'consectetur','Beatae iste ut voluptate magni. Est ex impedit autem doloremque sed maxime aut. Aut nisi voluptatem aut ut ea possimus et aut.'),(90,'quis','Numquam ducimus est omnis quam autem nisi vel. Eum ut non omnis aut sit reprehenderit. Iusto impedit voluptatem sed cum rerum quisquam sint. Voluptatem eveniet ut eius sit velit est maiores.'),(91,'dolores','Distinctio a est eligendi. Et iure dolorem delectus et maxime suscipit perferendis. Officiis ut sint possimus distinctio.'),(92,'ut','Ut odio qui ut nam fugit corporis. Numquam quo ut omnis quisquam. Est illum facilis et aliquid eum mollitia. Libero nihil ipsam aliquid maxime sunt iusto aut.'),(93,'quis','Et aut voluptate et omnis odit perspiciatis quod. Quia quia debitis eum maiores maxime. Quisquam qui et repudiandae rerum quisquam incidunt voluptas doloremque. Perspiciatis omnis itaque amet quas consequatur.'),(94,'suscipit','Fugiat nihil enim eos ipsa. Qui sint aut quia nostrum vel temporibus exercitationem. Repellendus suscipit est sed impedit dicta sit. Perspiciatis iusto itaque dolor cupiditate iure atque.'),(95,'dolores','Dolor voluptas sit quis voluptatum. Sed sit soluta cupiditate reprehenderit ea. Vitae provident corporis qui qui voluptatibus iste. Nemo adipisci praesentium minus.'),(96,'porro','Necessitatibus illo in pariatur sunt et. Suscipit dolores ea sunt ipsa quis occaecati iure. Omnis omnis sint consequuntur. Illum vitae recusandae id voluptatum. Quo ut quibusdam necessitatibus quis.'),(97,'molestias','Veritatis soluta ad libero. Nesciunt sit odio qui recusandae. Dolor eos ipsum fuga cumque id.'),(98,'unde','Autem nihil odit eos et dolor quia perferendis. Voluptatem neque quo quo. Est quidem et voluptatem corrupti reprehenderit corrupti consequatur.'),(99,'accusantium','Porro nam mollitia aut quis officia similique. Repellendus molestias quam repellendus temporibus. Officiis vel aliquam corporis voluptatibus qui.'),(100,'qui','Ut eligendi quia placeat voluptas ducimus. Placeat quae ad aut blanditiis optio. Voluptatem velit in dignissimos sit nemo iste. Voluptatem ut aut pariatur voluptatem aspernatur accusamus.');
/*!40000 ALTER TABLE `communities` ENABLE KEYS */;
UNLOCK TABLES;

--
-- Table structure for table `communities_users`
--

DROP TABLE IF EXISTS `communities_users`;
/*!40101 SET @saved_cs_client     = @@character_set_client */;
/*!40101 SET character_set_client = utf8 */;
CREATE TABLE `communities_users` (
  `community_id` bigint(20) unsigned NOT NULL,
  `user_id` bigint(20) unsigned NOT NULL,
  `created_at` datetime NOT NULL DEFAULT current_timestamp(),
  PRIMARY KEY (`community_id`,`user_id`),
  KEY `communities_users_comm_idx` (`community_id`),
  KEY `communities_users_users_idx` (`user_id`),
  CONSTRAINT `communities_users_ibfk_1` FOREIGN KEY (`community_id`) REFERENCES `communities` (`id`),
  CONSTRAINT `communities_users_ibfk_2` FOREIGN KEY (`user_id`) REFERENCES `users` (`id`)
) ENGINE=InnoDB DEFAULT CHARSET=utf8mb4 COLLATE=utf8mb4_unicode_ci;
/*!40101 SET character_set_client = @saved_cs_client */;

--
-- Dumping data for table `communities_users`
--

LOCK TABLES `communities_users` WRITE;
/*!40000 ALTER TABLE `communities_users` DISABLE KEYS */;
INSERT INTO `communities_users` VALUES (1,11,'2005-01-31 20:12:35'),(2,39,'2020-10-26 03:46:03'),(3,73,'2006-01-06 14:28:29'),(4,35,'1979-04-14 16:59:48'),(5,87,'2014-03-09 17:32:21'),(6,83,'1977-04-26 06:50:59'),(7,53,'1979-02-11 16:42:15'),(8,63,'2008-06-27 08:33:10'),(9,76,'1986-08-20 21:51:23'),(10,65,'2017-10-18 20:28:28'),(11,35,'1988-08-12 04:58:50'),(12,69,'2016-08-28 06:28:31'),(13,62,'1985-05-09 09:15:42'),(14,88,'1986-10-31 10:36:52'),(15,100,'1975-01-05 22:28:09'),(16,16,'1988-01-14 17:07:33'),(17,91,'1994-04-04 19:49:05'),(18,98,'1971-02-25 16:56:33'),(19,39,'2014-10-25 17:57:25'),(20,41,'1972-02-17 10:29:11'),(21,55,'2001-05-17 22:35:10'),(22,92,'2013-06-03 08:28:39'),(23,44,'1992-10-18 03:34:18'),(24,81,'1990-08-11 07:21:06'),(25,50,'1972-03-11 07:23:44'),(26,98,'2004-02-20 04:22:46'),(27,60,'2017-03-05 08:16:57'),(28,87,'1999-12-21 15:57:46'),(29,19,'1981-04-13 20:00:10'),(30,34,'2001-12-23 18:19:52'),(31,48,'1980-06-07 09:00:49'),(32,29,'1989-01-11 05:47:37'),(33,72,'2009-01-09 21:39:27'),(34,20,'1980-11-22 13:01:29'),(35,64,'1974-09-23 00:48:11'),(36,58,'1999-10-27 11:10:00'),(37,2,'1972-03-13 21:52:58'),(38,17,'2016-06-03 07:16:01'),(39,21,'1992-06-13 16:44:21'),(40,78,'2007-10-16 01:57:54');
/*!40000 ALTER TABLE `communities_users` ENABLE KEYS */;
UNLOCK TABLES;

--
-- Table structure for table `friend_requests`
--

DROP TABLE IF EXISTS `friend_requests`;
/*!40101 SET @saved_cs_client     = @@character_set_client */;
/*!40101 SET character_set_client = utf8 */;
CREATE TABLE `friend_requests` (
  `from_user_id` bigint(20) unsigned NOT NULL,
  `to_user_id` bigint(20) unsigned NOT NULL,
  `accepted` tinyint(1) DEFAULT 0,
  PRIMARY KEY (`from_user_id`,`to_user_id`),
  KEY `fk_friend_requests_from_user_idx` (`from_user_id`),
  KEY `fk_friend_requests_to_user_idx` (`to_user_id`),
  CONSTRAINT `fk_friend_requests_users_1` FOREIGN KEY (`from_user_id`) REFERENCES `users` (`id`),
  CONSTRAINT `fk_friend_requests_users_2` FOREIGN KEY (`to_user_id`) REFERENCES `users` (`id`)
) ENGINE=InnoDB DEFAULT CHARSET=utf8mb4 COLLATE=utf8mb4_unicode_ci;
/*!40101 SET character_set_client = @saved_cs_client */;

--
-- Dumping data for table `friend_requests`
--

LOCK TABLES `friend_requests` WRITE;
/*!40000 ALTER TABLE `friend_requests` DISABLE KEYS */;
INSERT INTO `friend_requests` VALUES (1,90,1),(2,67,0),(5,69,1),(7,43,0),(9,68,0),(10,83,0),(19,68,1),(24,1,0),(24,87,1),(26,7,0),(26,46,1),(26,92,0),(28,45,1),(33,34,0),(33,72,1),(34,74,1),(37,87,1),(38,24,0),(43,91,1),(48,71,1),(48,87,1),(49,42,0),(51,6,1),(52,71,1),(54,14,1),(54,57,0),(54,92,1),(58,65,0),(60,50,1),(62,15,0),(64,42,1),(70,40,0),(73,74,1),(74,61,1),(76,3,0),(78,35,1),(78,48,1),(81,97,1),(82,47,0),(84,18,0),(84,76,0),(85,75,0),(88,29,1),(89,46,1),(90,24,1),(92,54,0),(92,55,1),(95,28,0),(98,89,0),(99,62,1);
/*!40000 ALTER TABLE `friend_requests` ENABLE KEYS */;
UNLOCK TABLES;

--
-- Table structure for table `media`
--

DROP TABLE IF EXISTS `media`;
/*!40101 SET @saved_cs_client     = @@character_set_client */;
/*!40101 SET character_set_client = utf8 */;
CREATE TABLE `media` (
  `id` bigint(20) unsigned NOT NULL AUTO_INCREMENT,
  `user_id` bigint(20) unsigned NOT NULL,
  `media_types_id` int(10) unsigned NOT NULL,
  `file_name` varchar(245) COLLATE utf8mb4_unicode_ci DEFAULT NULL COMMENT '/files/folder/img.png',
  `file_size` bigint(20) unsigned DEFAULT NULL,
  `created_at` datetime NOT NULL DEFAULT current_timestamp(),
  PRIMARY KEY (`id`),
  UNIQUE KEY `id` (`id`),
  KEY `media_users_idx` (`user_id`),
  KEY `media_media_types_idx` (`media_types_id`),
  CONSTRAINT `fk_media_media_types` FOREIGN KEY (`media_types_id`) REFERENCES `media_types` (`id`),
  CONSTRAINT `fk_media_users` FOREIGN KEY (`user_id`) REFERENCES `users` (`id`)
) ENGINE=InnoDB AUTO_INCREMENT=101 DEFAULT CHARSET=utf8mb4 COLLATE=utf8mb4_unicode_ci;
/*!40101 SET character_set_client = @saved_cs_client */;

--
-- Dumping data for table `media`
--

LOCK TABLES `media` WRITE;
/*!40000 ALTER TABLE `media` DISABLE KEYS */;
INSERT INTO `media` VALUES (1,49,2,'ut',693440,'1983-02-12 08:21:06'),(2,10,1,'quis',0,'1984-07-01 03:53:20'),(3,79,1,'iste',0,'1990-07-09 11:00:39'),(4,15,1,'ut',401680,'1985-01-26 01:38:53'),(5,95,4,'cum',93182553,'1975-05-23 06:39:03'),(6,3,2,'cum',75629136,'1983-10-25 03:29:12'),(7,92,1,'cumque',4540,'2006-03-01 20:18:45'),(8,5,3,'ratione',52,'1974-05-06 06:56:18'),(9,87,1,'quasi',277,'1970-03-10 04:05:49'),(10,71,4,'enim',322,'2019-09-10 10:40:56'),(11,4,3,'tenetur',5376,'1985-06-09 13:32:47'),(12,84,1,'repudiandae',1248,'1986-10-28 21:14:31'),(13,6,2,'natus',319969716,'1971-11-21 17:34:09'),(14,97,1,'asperiores',24182,'2008-03-06 23:11:35'),(15,70,1,'voluptate',32685,'2013-12-17 21:24:16'),(16,18,1,'est',6374186,'2021-02-02 07:59:05'),(17,52,2,'aut',48272,'2016-06-07 10:45:15'),(18,44,2,'vel',879,'2004-05-01 20:32:51'),(19,38,3,'ea',83306473,'1993-01-28 13:13:10'),(20,33,2,'ipsa',6955,'2009-06-23 23:03:27'),(21,43,2,'est',4,'2001-03-29 08:51:25'),(22,65,2,'voluptatem',618091198,'2016-11-26 15:12:09'),(23,58,3,'sint',484,'2015-08-07 08:10:43'),(24,86,2,'aut',202,'1990-08-30 21:58:34'),(25,93,3,'tenetur',0,'2014-11-08 15:14:03'),(26,35,4,'consequatur',666529593,'1974-05-10 22:32:39'),(27,18,1,'sequi',78175,'1976-04-18 07:29:36'),(28,15,1,'accusantium',790381,'2015-12-13 06:34:08'),(29,55,1,'occaecati',19,'2016-08-27 18:52:09'),(30,40,1,'fugiat',5490,'1986-05-14 13:30:22'),(31,19,3,'reprehenderit',53580931,'2020-02-24 04:37:58'),(32,43,3,'cum',9,'1989-05-23 11:22:20'),(33,83,4,'fugit',84113,'2002-01-05 15:30:27'),(34,100,1,'corrupti',489,'1978-07-04 14:25:44'),(35,43,2,'eum',9375360,'2011-06-21 19:53:17'),(36,54,4,'sunt',0,'1999-01-01 12:21:16'),(37,69,1,'maiores',90252699,'2017-03-12 11:50:52'),(38,19,2,'aut',306115374,'2018-03-27 03:27:25'),(39,87,1,'id',9188196,'1982-12-09 17:12:34'),(40,71,4,'sequi',51,'1989-08-05 17:34:37'),(41,60,1,'nulla',0,'1999-06-19 22:52:12'),(42,76,4,'eos',46,'2003-05-31 07:37:21'),(43,23,4,'ducimus',520544,'1975-10-26 12:03:00'),(44,100,4,'ex',973898450,'2013-04-21 04:16:31'),(45,2,2,'cupiditate',0,'1971-06-25 12:28:39'),(46,100,1,'quia',79313,'2016-02-06 17:36:22'),(47,96,2,'nesciunt',89,'2001-05-20 14:10:31'),(48,91,4,'vel',2326076,'2004-07-19 14:15:48'),(49,28,4,'vel',8,'1970-10-20 14:59:14'),(50,100,3,'enim',2580,'1976-05-10 02:28:15'),(51,23,3,'laudantium',712578,'2018-03-08 12:00:17'),(52,55,4,'aut',323844,'2002-01-10 23:24:13'),(53,71,3,'ipsum',1380,'1984-03-05 14:25:21'),(54,17,3,'voluptate',86206,'2008-08-07 03:22:39'),(55,77,4,'et',656286,'2000-01-21 11:53:18'),(56,37,2,'sit',3,'2006-04-30 01:31:40'),(57,92,1,'placeat',3,'1970-09-28 11:15:01'),(58,14,1,'unde',72945,'2005-12-11 14:46:05'),(59,3,1,'recusandae',149557249,'2003-10-12 13:42:33'),(60,91,1,'maiores',6692,'2001-08-30 21:44:24'),(61,52,4,'rem',0,'1987-11-01 03:52:58'),(62,25,2,'architecto',81636,'1996-12-19 12:56:57'),(63,33,1,'vel',196907,'2005-09-27 16:25:30'),(64,27,3,'eaque',64,'2004-03-30 08:29:12'),(65,6,2,'laudantium',94916728,'2001-03-23 04:25:48'),(66,29,2,'libero',450502,'1987-11-19 13:57:45'),(67,79,4,'voluptas',77609274,'1985-07-19 20:21:23'),(68,20,2,'libero',631,'1986-03-22 16:01:48'),(69,56,2,'dignissimos',66747,'2019-06-04 14:23:57'),(70,7,2,'nulla',1,'2016-10-03 05:54:47'),(71,24,2,'totam',5042742,'2009-05-05 15:29:54'),(72,69,1,'asperiores',9,'2019-04-01 09:30:55'),(73,56,4,'est',15,'1972-02-17 06:38:40'),(74,30,3,'cum',20196,'2013-02-16 08:25:34'),(75,95,1,'hic',83,'1990-08-13 09:09:03'),(76,63,2,'ipsa',3,'1994-06-07 21:47:51'),(77,10,4,'velit',5585,'1989-06-01 17:37:44'),(78,94,2,'deleniti',9022243,'1983-07-30 22:21:33'),(79,3,1,'ipsa',647,'2000-07-12 02:02:33'),(80,2,1,'adipisci',542089,'1977-09-08 05:07:20'),(81,46,2,'ut',8274312,'1983-09-09 09:24:38'),(82,36,1,'et',0,'1991-03-11 15:14:12'),(83,14,3,'provident',36750604,'2011-05-24 13:32:27'),(84,74,3,'fugiat',598688696,'2009-02-06 02:07:58'),(85,92,4,'at',60247834,'2002-07-03 10:06:26'),(86,2,1,'sed',735,'1992-06-26 19:09:28'),(87,23,3,'qui',32493170,'1990-04-19 07:51:30'),(88,31,4,'est',9921875,'1998-07-09 00:06:32'),(89,52,3,'quia',4,'2008-04-21 14:22:02'),(90,37,2,'ex',559470465,'1990-08-20 02:12:03'),(91,80,4,'est',0,'2000-03-26 11:24:05'),(92,93,4,'doloribus',8678797,'2001-06-03 23:11:24'),(93,86,4,'vitae',8951553,'1974-06-30 00:19:21'),(94,32,4,'voluptas',6,'2006-01-08 14:22:22'),(95,6,2,'quod',0,'1995-10-01 01:35:50'),(96,96,3,'soluta',1287748,'2000-04-14 14:37:37'),(97,64,2,'qui',46946,'1973-12-22 05:27:30'),(98,75,4,'recusandae',6776047,'2003-05-01 10:41:08'),(99,87,2,'molestiae',1031,'1983-06-23 04:23:57'),(100,46,4,'corporis',463979,'1975-04-08 09:08:04');
/*!40000 ALTER TABLE `media` ENABLE KEYS */;
UNLOCK TABLES;

--
-- Table structure for table `media_types`
--

DROP TABLE IF EXISTS `media_types`;
/*!40101 SET @saved_cs_client     = @@character_set_client */;
/*!40101 SET character_set_client = utf8 */;
CREATE TABLE `media_types` (
  `id` int(10) unsigned NOT NULL AUTO_INCREMENT,
  `name` varchar(45) COLLATE utf8mb4_unicode_ci NOT NULL,
  PRIMARY KEY (`id`),
  UNIQUE KEY `name` (`name`)
) ENGINE=InnoDB AUTO_INCREMENT=5 DEFAULT CHARSET=utf8mb4 COLLATE=utf8mb4_unicode_ci;
/*!40101 SET character_set_client = @saved_cs_client */;

--
-- Dumping data for table `media_types`
--

LOCK TABLES `media_types` WRITE;
/*!40000 ALTER TABLE `media_types` DISABLE KEYS */;
INSERT INTO `media_types` VALUES (2,'earum'),(1,'et'),(4,'laboriosam'),(3,'non');
/*!40000 ALTER TABLE `media_types` ENABLE KEYS */;
UNLOCK TABLES;

--
-- Table structure for table `messages`
--

DROP TABLE IF EXISTS `messages`;
/*!40101 SET @saved_cs_client     = @@character_set_client */;
/*!40101 SET character_set_client = utf8 */;
CREATE TABLE `messages` (
  `id` bigint(20) unsigned NOT NULL AUTO_INCREMENT,
  `from_user_id` bigint(20) unsigned NOT NULL,
  `to_user_id` bigint(20) unsigned NOT NULL,
  `txt` text COLLATE utf8mb4_unicode_ci NOT NULL,
  `is_delivered` tinyint(1) DEFAULT 0,
  `created_at` datetime NOT NULL DEFAULT current_timestamp(),
  `updated_at` datetime DEFAULT current_timestamp() ON UPDATE current_timestamp() COMMENT 'Время обновления строки',
  PRIMARY KEY (`id`),
  UNIQUE KEY `id` (`id`),
  KEY `fk_messages_from_user_idx` (`from_user_id`),
  KEY `fk_messages_to_user_idx` (`to_user_id`),
  CONSTRAINT `fk_messages_users_1` FOREIGN KEY (`from_user_id`) REFERENCES `users` (`id`),
  CONSTRAINT `fk_messages_users_2` FOREIGN KEY (`to_user_id`) REFERENCES `users` (`id`)
) ENGINE=InnoDB AUTO_INCREMENT=101 DEFAULT CHARSET=utf8mb4 COLLATE=utf8mb4_unicode_ci;
/*!40101 SET character_set_client = @saved_cs_client */;

--
-- Dumping data for table `messages`
--

LOCK TABLES `messages` WRITE;
/*!40000 ALTER TABLE `messages` DISABLE KEYS */;
INSERT INTO `messages` VALUES (1,61,34,'Temporibus aut consectetur reiciendis. Placeat dicta ipsum possimus ab expedita. Eum explicabo esse aspernatur veritatis. Minus qui repellat iste temporibus et eum eum.',0,'2011-03-19 23:56:19','1974-07-16 07:11:58'),(2,91,1,'Ut modi suscipit aut vel. Odio rerum et corporis temporibus maiores iste molestias. Id quis unde eligendi distinctio. Est maiores sint qui doloribus.',1,'1977-08-19 21:23:28','2009-05-03 22:04:03'),(3,100,70,'Qui accusamus voluptatem in ducimus ipsam. Consequatur molestiae ea quis magnam voluptatem architecto. Dolores quia iste pariatur dolorum. Itaque aliquam non quaerat corrupti sunt facilis.',1,'1983-01-26 16:18:28','1971-06-08 04:30:28'),(4,36,6,'Reprehenderit adipisci ad sequi corporis expedita qui tempore voluptas. Omnis qui harum voluptatum. Soluta quis dolore excepturi. Voluptatem ut est omnis accusantium doloremque. Itaque tempore necessitatibus et nostrum et ratione qui.',1,'1988-12-20 09:47:17','1971-03-23 07:56:31'),(5,85,89,'Possimus illum reprehenderit sunt iure. Rem eum quibusdam ut tempore est illo. Possimus soluta fugiat numquam sint saepe est quae.',0,'1991-06-25 01:58:01','2010-08-13 07:50:12'),(6,73,9,'Omnis ut nulla aut perspiciatis ducimus vero. Eos at possimus atque itaque ea amet quos magni. Eos et consequatur et voluptate.',0,'1977-04-19 01:43:17','2004-04-14 22:41:21'),(7,17,9,'Et ab sunt consequatur laboriosam recusandae voluptatem tenetur. Esse ratione culpa occaecati rem ea nulla vel. Voluptas enim ut sint. Laboriosam autem sed optio voluptas.',1,'1990-08-18 14:31:52','2003-10-16 01:25:12'),(8,19,41,'Dolores ab qui dolor officia. Laudantium excepturi sed dolor aut quaerat aliquam sed.',1,'1970-01-08 15:07:15','1991-05-24 07:06:06'),(9,76,64,'Perspiciatis qui et facilis est quos repellat consequatur. Repudiandae similique libero et animi at. Fugiat consectetur optio sint voluptatem amet animi saepe animi. Quo dolores consequuntur accusamus omnis. Recusandae repudiandae suscipit officiis ut veniam earum aliquid.',0,'1976-07-01 16:29:16','2000-11-29 20:57:20'),(10,4,16,'Reiciendis velit quas culpa excepturi consequatur ea. Quia placeat illum natus modi provident. Provident odio tempore quidem quibusdam voluptatem et laudantium.',0,'1977-08-28 14:38:47','2014-10-20 03:56:02'),(11,61,51,'Illo qui voluptate aut quisquam dolorem in. Soluta quidem tempore esse nostrum qui. Aut nulla voluptatem exercitationem reiciendis quas.',0,'1972-10-05 10:25:30','1993-01-20 23:12:22'),(12,76,73,'Quasi harum voluptatem impedit qui. Dicta aut repellendus aut. Assumenda deleniti quis est quam et.',0,'1989-02-19 01:49:38','2007-04-03 13:04:53'),(13,66,41,'Et fugiat quia est neque. Earum officiis repellendus quis et omnis. Cumque non voluptates exercitationem qui cupiditate dolorem aut vitae. Quia est nemo inventore inventore.',0,'1994-06-25 19:45:50','2012-10-13 11:35:35'),(14,27,79,'Cumque praesentium accusamus eos harum et omnis et eligendi. Distinctio dolor voluptates molestiae. Velit et quod aliquid in delectus sunt deserunt. Sed et optio asperiores. Voluptatum asperiores veritatis qui enim.',0,'2011-01-05 11:08:30','1976-06-19 01:42:15'),(15,58,87,'Et repudiandae voluptatibus tempore veritatis. Enim consectetur est ut.',1,'2017-06-02 14:51:58','2020-01-24 23:58:23'),(16,80,19,'Voluptates officiis cupiditate praesentium odio porro quia omnis. Porro illum delectus error ea eius. Ut sed doloremque porro ea. Vitae qui quisquam aut iste.',0,'2010-08-23 11:21:23','2018-06-02 12:50:34'),(17,20,70,'Nihil soluta in illum cumque eos enim cumque. Est laboriosam necessitatibus est et. Sed quos adipisci distinctio iste porro iste laborum. Quo laborum ea nihil est maiores voluptatibus.',0,'1985-07-25 11:06:16','1977-08-29 22:40:42'),(18,19,20,'Pariatur ex iure nam ut nostrum temporibus maiores quia. Illo velit ut aliquid ipsum fugiat aspernatur porro. Qui voluptates recusandae dicta. Quis expedita quasi suscipit excepturi aut unde ratione.',1,'2016-10-06 13:48:49','2003-09-13 09:13:50'),(19,40,55,'Vel pariatur amet veniam exercitationem odit placeat sint. Dignissimos optio velit vel ipsa tempora numquam et. Et debitis eveniet corporis eos dolor odio dicta. Rem et nostrum facilis.',0,'1994-10-06 22:00:56','2014-08-16 08:35:40'),(20,25,25,'Ut et est quis commodi. Esse sed unde cum nihil ab quis. Ut consequatur at ipsam nobis quam inventore at.',0,'1983-08-12 01:25:39','2013-12-25 13:28:25'),(21,43,97,'Dolorem et culpa harum numquam nihil voluptatibus. Laboriosam id tempora sunt hic suscipit ut.',1,'1983-10-22 01:07:53','1996-03-05 01:16:45'),(22,33,59,'Error quaerat est suscipit dolore. Voluptatem laborum delectus quos nobis. Et repellendus maxime aliquam.',1,'1983-03-04 15:13:33','2019-01-16 07:55:34'),(23,6,51,'Natus voluptates id molestiae accusamus. Et tempora molestias qui sed quia est sed. Omnis inventore tempora quia. Illum tempora exercitationem tempore neque blanditiis doloremque dolorum.',1,'1984-06-23 09:50:54','2012-04-05 17:59:13'),(24,100,82,'Qui earum quae deserunt inventore atque ullam. Aliquam dolorem corrupti repellat eos officiis qui sed. Id sed quod qui et voluptatem et quia. Dolorum earum deleniti veniam in reprehenderit voluptatem eligendi.',1,'2015-04-16 02:43:33','1989-05-13 04:02:58'),(25,15,4,'Et ut et ut. Nam et veritatis expedita itaque amet quia est. Est magnam ut ipsum doloremque. Ducimus quis eum sit unde labore.',0,'2018-07-19 13:25:44','2001-04-07 21:34:23'),(26,98,76,'Velit modi consequuntur eveniet rerum. Eos non ipsam ratione molestiae. Quo est rerum officiis.',0,'1994-11-09 21:19:41','2005-07-13 21:29:05'),(27,54,74,'Sunt eaque perspiciatis occaecati rerum dicta repellendus. Et et odit voluptates ab qui sapiente. Deserunt ut debitis et voluptate voluptatibus velit ab. Aut quis ipsa minus. Aut quos sunt ipsam cumque.',0,'1993-03-14 22:21:34','2021-05-31 06:36:02'),(28,49,19,'Eos molestiae rem voluptas ut deleniti. Velit expedita omnis quas dolorem. Non quia illum praesentium ducimus aperiam omnis ipsum. Vitae laboriosam molestiae minima ab libero. Quam aut provident assumenda nihil molestiae omnis aut.',0,'1992-08-06 03:03:18','1977-01-27 23:14:38'),(29,14,75,'Corrupti et numquam suscipit officia. Omnis dolorem quos ut veritatis ut iste quis. Nihil distinctio ullam voluptatem nam. Mollitia voluptatem illum beatae.',0,'1972-02-19 05:09:28','2003-02-11 23:45:30'),(30,98,72,'Beatae nihil hic quae qui tenetur similique nam similique. Iusto aut eveniet qui nihil eveniet repudiandae. Repellat reiciendis doloremque praesentium iure rerum optio quibusdam.',0,'2016-01-20 17:11:23','1985-08-14 14:24:43'),(31,61,77,'Maxime placeat qui amet voluptate asperiores accusantium. Tenetur ut ut quia eos sit. Neque qui ipsam omnis adipisci quisquam sunt. Nobis ipsum velit numquam.',0,'2018-02-28 23:55:59','2005-12-04 06:54:06'),(32,90,81,'Impedit aut ducimus velit rerum cumque. Repellendus repudiandae ipsa nam aut qui. Repellendus nesciunt impedit laborum ipsam temporibus officia.',1,'1984-04-27 03:20:16','1978-03-04 07:17:55'),(33,46,9,'Similique deserunt adipisci consectetur. In ut nobis adipisci voluptas. Aliquam sequi deserunt dolorum quam dolorum ut.',0,'1974-05-08 09:57:13','1983-08-10 00:34:48'),(34,100,86,'Repellendus error a ipsa maxime recusandae aspernatur ad. Ex minima assumenda qui adipisci architecto et ad sunt. Recusandae magni rerum accusamus molestias. Sunt sed placeat magnam aut repudiandae qui recusandae.',0,'1982-09-07 02:13:57','2010-08-22 22:50:20'),(35,64,24,'Omnis architecto et rerum accusamus. Voluptatem est animi consequatur cupiditate. Similique quis qui suscipit officia saepe sapiente.',1,'2007-04-10 23:35:13','1986-06-15 01:24:43'),(36,10,6,'Voluptas ratione reprehenderit in vero debitis. Id ipsa ut ad. Aut aperiam amet id nesciunt incidunt delectus ut. Mollitia et quidem illum iste beatae. Soluta modi dolores et error voluptatibus.',0,'1977-11-03 03:08:12','1982-07-08 16:24:20'),(37,21,42,'Quis ea sed dolores qui voluptatem ad. Nisi quibusdam quae quidem expedita quidem laborum voluptates modi. Commodi dolore quos est culpa illo quia minima.',0,'2000-01-07 05:57:26','2003-11-16 10:21:21'),(38,65,27,'Ut iste nihil est vel officia voluptas. Voluptas pariatur beatae saepe sequi nemo.',1,'1977-07-19 14:41:02','2004-12-17 23:45:24'),(39,93,65,'Et aliquam nihil cupiditate reiciendis blanditiis. Tempora et occaecati nostrum assumenda tenetur iure velit sequi. Aut aspernatur facere vel impedit voluptates.',0,'1979-06-20 05:19:20','1998-10-03 02:51:11'),(40,9,8,'Mollitia aut quae debitis voluptatem minima. Minus praesentium impedit aut itaque et eos. Eaque autem omnis temporibus vero doloremque et vero sit.',1,'1994-12-09 12:24:43','2021-02-02 02:49:08'),(41,68,7,'Voluptas doloribus nostrum a nihil ullam quae. Temporibus et id ad illo cupiditate est iusto. Facere in facere nihil aperiam culpa nulla neque. Nihil aut ratione labore porro natus in quas quo.',1,'2005-02-26 06:34:51','1990-05-10 16:56:04'),(42,83,22,'Totam sed est aut quas eum nulla molestias. Distinctio commodi ut est voluptas eius dicta rerum. Odit reiciendis quod vitae nihil sit fugit repellat aperiam. Accusantium quis ut quidem architecto dolor.',0,'1993-09-25 12:34:51','2010-07-28 13:03:22'),(43,80,31,'Est necessitatibus tempore consequuntur repudiandae et rerum consequatur maxime. Necessitatibus qui qui explicabo autem dolorum dolorem deserunt repellendus. Beatae aut beatae vel non autem reprehenderit officia.',0,'1981-12-30 22:48:16','1974-10-09 18:26:54'),(44,41,93,'Exercitationem consequatur necessitatibus dolorem magni placeat. Quasi voluptatum laboriosam voluptates officiis voluptates dolor.',1,'2011-02-28 19:56:16','1998-11-17 05:17:10'),(45,5,38,'Tempore fugit ab rerum. In qui eligendi facilis dignissimos eveniet. Officia vero ea placeat. Qui eos nam veritatis excepturi consequuntur ut.',1,'1994-09-22 02:17:15','2018-03-23 06:19:59'),(46,64,66,'Modi nostrum maiores molestiae itaque perferendis. Dolorum delectus nesciunt culpa minima dolores. Nostrum voluptate pariatur doloremque consequuntur placeat placeat aut. Aut nihil praesentium perferendis at.',0,'2004-12-03 20:51:59','1983-05-15 19:21:07'),(47,14,54,'Atque adipisci aliquid molestiae. Qui placeat error quas. Velit illo dolor eius cum sed minima. Eum illo magnam ut consequatur.',1,'1978-01-08 17:23:05','1990-06-02 08:18:29'),(48,46,60,'Labore omnis quis numquam. Doloremque vel veniam qui illum exercitationem et quod. Est ipsam qui dolores nisi maxime molestiae.',0,'2003-06-28 21:11:31','2000-11-10 12:58:26'),(49,62,45,'Quo similique hic sunt sunt officia commodi veritatis nesciunt. Et ea quidem tenetur repellendus. Recusandae et et et nobis omnis earum reiciendis architecto.',1,'2015-12-05 13:45:01','1988-03-27 08:40:22'),(50,45,25,'Velit soluta fugit quia amet omnis et aut. Mollitia aut voluptatem voluptatibus ea est reiciendis vero. Deleniti officiis consequuntur ipsam natus dolores modi vitae distinctio.',0,'1999-09-04 22:07:55','2016-03-22 19:07:07'),(51,69,54,'Dolor ut provident voluptas aliquid voluptatem. Sit officiis molestiae aut libero deleniti ut. Aliquid id eum rerum culpa est commodi corrupti.',0,'2019-09-06 02:55:37','1976-08-13 17:10:11'),(52,31,90,'Qui est sequi placeat repudiandae in. Deserunt consectetur occaecati velit nostrum. Voluptas sed est quidem. Odit alias temporibus rerum saepe.',1,'1978-12-26 05:10:17','2005-09-21 22:21:53'),(53,96,96,'Accusamus maxime ab distinctio deleniti consequatur. Quibusdam voluptates ipsa ab ex optio sed quis ratione. Soluta aperiam excepturi porro consequatur consectetur.',0,'1989-03-31 06:30:55','1991-04-04 01:43:04'),(54,17,89,'Voluptatibus culpa aut ut aperiam eveniet. Corporis quisquam culpa voluptas quia ut. Magni ut autem dolore fuga.',0,'2010-07-09 17:54:34','1995-11-23 22:58:53'),(55,60,25,'Aspernatur alias sunt odit quod. Nemo quod minima illo aspernatur. Tempora impedit magnam excepturi et culpa ratione. Et et animi quod fugiat nemo sed molestiae. Nostrum consequuntur suscipit dignissimos provident magnam odio.',0,'1970-09-03 12:05:34','2021-04-23 09:54:59'),(56,96,27,'Natus sapiente nesciunt est ea ut sit. Nostrum fuga ea maxime libero.',1,'1976-02-06 11:33:49','1999-09-26 15:35:38'),(57,31,79,'Quo itaque voluptas atque nihil maxime quia quas repudiandae. Aspernatur aut qui et velit sed eligendi qui. Ipsa consequuntur et ut velit. Omnis molestiae perferendis ut omnis voluptatem alias fugit repellendus.',1,'2015-11-25 00:09:08','1982-08-25 03:56:20'),(58,49,10,'Harum adipisci impedit molestiae eaque minus id. Ad tempore facilis repellat vero autem tempora ut occaecati. Dolores veritatis est vitae assumenda.',0,'2007-05-29 06:56:42','1981-01-20 12:49:45'),(59,9,89,'Sed excepturi harum ullam dolor dolor recusandae sed. Dignissimos impedit repellendus hic et perferendis. At iusto explicabo nihil consequatur sint.',1,'2006-04-01 00:18:09','1973-12-02 15:25:20'),(60,3,14,'Fugit tempore sint quae nesciunt culpa ex. Impedit error non voluptatem et non explicabo ut.',1,'1982-08-24 12:43:32','1979-09-04 15:41:11'),(61,26,67,'Consequatur non commodi dolores dolor. Illum laudantium doloremque fuga cupiditate quo optio consequuntur. Necessitatibus cumque magnam autem aut sint sint.',0,'1986-08-11 20:05:10','1972-09-28 09:55:46'),(62,79,40,'Id consequatur culpa voluptatum praesentium eveniet praesentium aut. Aut porro animi corrupti dolorum enim. Sequi omnis quia nemo necessitatibus voluptas ipsa. Doloremque animi quis consequuntur error.',1,'1990-11-02 19:30:13','1992-05-16 02:14:09'),(63,20,25,'Atque aut molestiae ut deserunt. Dolores a distinctio itaque. Quod consequatur dolore et sunt assumenda mollitia amet.',1,'2003-11-01 21:02:19','1973-09-08 10:18:32'),(64,99,82,'Dicta temporibus suscipit eum veritatis consectetur numquam. Consectetur sit quibusdam eos aut. Ut quibusdam illum est molestiae et quos est. Accusamus aut sint illum quasi soluta est.',1,'2001-10-13 10:34:26','2001-10-02 06:09:14'),(65,70,44,'Ullam repellat explicabo cupiditate vero omnis quos. Aut vel alias et possimus ad ea rerum. Ducimus exercitationem quas veritatis id corrupti autem dolorum. Quia vitae eos aliquid quas itaque consequatur.',0,'2014-04-25 03:40:42','2012-02-12 15:20:20'),(66,7,38,'Eius modi cupiditate pariatur voluptatem dolores. Similique nobis quisquam neque omnis perferendis corrupti. Iure quae quos porro molestiae et.',0,'1988-12-17 19:13:36','1993-02-02 18:16:13'),(67,98,37,'Quidem autem quo adipisci facilis. In unde atque eius. Voluptas ea veritatis unde deserunt fuga.',0,'1970-11-02 17:14:41','1972-05-29 09:38:59'),(68,28,93,'Animi in nulla impedit maxime in. Odio quis ut voluptatem sapiente minima fugit. Facilis dolore voluptatem ut.',1,'1986-06-14 05:30:52','1975-06-13 05:28:24'),(69,33,44,'Aliquam saepe aperiam odio dolorem sit dolores. Vel quo voluptates quo aut. Facilis velit rerum vitae velit placeat sint unde.',1,'1989-10-01 08:03:36','2015-10-29 23:37:20'),(70,81,92,'Excepturi nobis rerum cupiditate. Non beatae rerum deserunt eos officiis. Molestias in velit placeat tenetur quibusdam porro ut.',0,'2010-09-26 08:31:14','2008-10-24 14:36:12'),(71,69,77,'Qui est voluptatibus error modi. Consectetur sequi quis ut ipsum voluptates sint. Corporis reprehenderit nesciunt provident aut. Esse ipsa debitis est nemo dignissimos dicta necessitatibus.',0,'1985-12-30 20:57:48','1991-03-10 18:40:46'),(72,19,99,'Impedit facere labore asperiores quam nostrum qui. Ea repellendus velit fugiat similique rerum omnis. Voluptatem delectus veniam vel blanditiis. Quasi ut nostrum sapiente quam est consequatur provident.',0,'2002-01-10 16:25:12','2009-01-28 20:14:41'),(73,55,67,'Rem quis adipisci omnis magnam laboriosam aut. Nostrum rerum sed ipsum quia. Et voluptatem dolore modi velit rerum.',0,'1982-05-13 01:42:07','2017-05-19 04:46:59'),(74,9,64,'Rem earum aut architecto nihil omnis facere. Autem voluptatem et accusantium voluptas quae qui et. Minus facere numquam adipisci nobis voluptatem sequi et sunt. Aut a eaque ex consectetur sequi impedit.',1,'1984-11-08 13:41:03','2000-10-09 04:57:18'),(75,55,12,'Necessitatibus inventore nemo exercitationem ut velit aut aut. Rerum molestiae mollitia nobis assumenda. Quasi iusto porro iusto natus.',0,'2013-09-25 18:49:42','1981-02-27 11:21:25'),(76,77,81,'Alias sit suscipit aut harum est saepe. At cumque sequi doloribus sapiente pariatur at. Placeat dolorem ad voluptatem ex labore.',0,'1979-09-05 10:06:22','2018-06-24 10:16:03'),(77,78,56,'Ipsa eius ut omnis. Voluptatem quaerat voluptatum vel. Illo vero fugit voluptatem. Officiis quaerat nam autem qui aut.',0,'1995-06-09 18:38:15','2006-12-14 21:28:45'),(78,21,97,'Debitis et molestiae dolore placeat. Hic exercitationem omnis culpa et et omnis soluta. Quia tempora aut aut facilis.',1,'1981-11-09 19:12:09','1994-08-20 20:32:46'),(79,80,19,'Exercitationem in pariatur sequi ab sunt labore similique. Pariatur et consequuntur in maxime amet quidem laboriosam. Earum et itaque molestias. Ut et qui facere officiis voluptate itaque rerum.',0,'1993-05-24 04:18:47','2019-04-09 20:05:30'),(80,79,50,'Est assumenda est quia ipsa totam consequatur. Et doloribus porro quae voluptate repudiandae deleniti. Sequi et fugit est ut impedit.',1,'1994-05-03 09:41:47','2000-12-05 17:02:32'),(81,63,85,'Eos laborum excepturi recusandae hic quaerat doloremque doloremque. Dolorem aliquid enim vero qui error. Numquam suscipit ut labore labore neque voluptatem laboriosam.',0,'1987-08-07 06:24:01','2009-05-03 04:44:52'),(82,87,60,'Eligendi quia accusantium et est facere magnam libero. Voluptatem et rerum assumenda minus quos et animi.',0,'1981-07-07 06:35:03','1988-01-07 12:06:06'),(83,22,15,'Illum porro est aut exercitationem sed. Accusamus omnis voluptas consequatur aliquid ea voluptatem. Fuga quo cum qui quia accusantium id. Reprehenderit ratione quod amet quia quo tenetur cum.',1,'1987-08-26 21:50:02','2007-01-13 15:49:21'),(84,52,54,'Repellat sed iusto id nisi aut incidunt. Nostrum velit delectus ea debitis corrupti eos quis voluptate. Accusamus culpa est dolor rerum ut corporis. Ut rem voluptatibus doloribus veniam.',0,'1995-03-02 13:11:50','2003-01-22 19:39:50'),(85,58,33,'Harum vitae quo ut dolorem id quo. Necessitatibus corrupti voluptatem quam earum. Et excepturi libero laborum minima ea. Non vel perferendis dolor et optio occaecati eos.',1,'1970-09-19 13:48:22','2003-12-30 09:17:04'),(86,45,26,'Qui consequatur nihil culpa placeat dolorem minus est. Est aut sapiente eligendi odit non qui quia. Optio sed exercitationem dolorem vitae voluptas at non. Consequatur in harum ex earum vitae.',1,'2005-12-22 11:27:45','1982-02-01 23:21:02'),(87,10,64,'Dolores deserunt esse quas fugiat voluptatem ab id. Voluptates nobis soluta eum. Asperiores eos consectetur impedit aut incidunt ea. Voluptatum quidem repellendus excepturi perferendis maxime et occaecati maiores.',1,'1980-09-25 15:20:04','2000-08-10 18:33:56'),(88,25,64,'Aut sapiente vel perferendis mollitia repudiandae. Laborum qui quo nostrum ut. Laboriosam fugiat et tempore eligendi.',0,'1976-05-20 13:42:02','1993-06-06 07:56:17'),(89,31,34,'Dolor ab at culpa dolore ea exercitationem. Necessitatibus nihil qui animi molestiae eos. At rerum eos quae ipsa et dolor. Aliquam sed nihil architecto eligendi dolores fugiat.',1,'2004-01-27 06:12:44','1972-09-03 22:18:24'),(90,28,86,'Et et facere veritatis reiciendis. Ab voluptatem est cumque nihil.',0,'2020-03-26 20:40:51','2003-04-17 01:24:32'),(91,45,4,'Minus sit consequatur quo iusto. Vitae quidem voluptatem dolorem quas. Necessitatibus repellendus culpa repellat. Quam aut autem ut. Voluptas corporis non aut.',0,'1980-03-08 17:27:12','1980-03-07 12:47:03'),(92,66,22,'Modi facilis id et eaque iure odio voluptas dolorem. Aliquam odit maiores nesciunt ipsum. Expedita ut error suscipit ratione esse. Est aliquid inventore voluptates et. Sapiente nulla est totam quo blanditiis.',1,'1987-08-30 12:55:43','2018-03-31 11:42:27'),(93,60,86,'Cupiditate veritatis sunt labore expedita quod est. Necessitatibus illo ex nihil est dignissimos amet sunt dolores. Animi consectetur voluptas aut nobis praesentium facilis quae.',0,'2008-08-30 21:23:27','1972-11-18 11:02:55'),(94,19,40,'Cum autem occaecati provident. Doloribus consequuntur corporis velit architecto quae. Quas perferendis aperiam est.',0,'1972-12-03 20:56:52','2000-11-11 08:32:50'),(95,5,97,'Rerum doloremque est exercitationem sunt. Recusandae dolorem quibusdam ducimus debitis et fugiat et. Doloremque placeat dignissimos nam sequi consequatur inventore non.',1,'1993-06-04 23:24:08','2017-03-04 14:46:00'),(96,89,67,'Velit sunt voluptate quasi blanditiis tempora enim. Possimus animi ratione distinctio illum sequi repellendus.',0,'1990-06-19 09:55:36','2000-05-06 19:34:43'),(97,82,76,'Officia est facilis non voluptatem. Omnis et quis laborum dignissimos repudiandae. Numquam at fugiat quia at libero delectus.',0,'1970-09-26 00:50:38','1972-06-16 09:21:05'),(98,26,3,'Deleniti dicta saepe ipsa recusandae. Et autem aut at dolores quos debitis cupiditate velit. Tempora voluptatem porro veritatis aut nam sint repudiandae delectus.',1,'2018-08-12 12:41:07','1992-10-11 22:26:28'),(99,90,78,'Aut sit corrupti maiores voluptatibus. Dolores iusto laudantium quis expedita laudantium. Sunt voluptate sequi dolor dicta.',1,'1991-07-22 08:10:54','1978-11-27 11:14:53'),(100,56,48,'Quo repudiandae quidem beatae magnam. Vitae dolor doloribus alias. Perspiciatis quae quis ratione. Dolore suscipit praesentium ab asperiores qui et officia. Fuga porro laudantium adipisci.',1,'1978-10-20 14:50:54','1979-08-28 15:38:34');
/*!40000 ALTER TABLE `messages` ENABLE KEYS */;
UNLOCK TABLES;

--
-- Table structure for table `profiles`
--

DROP TABLE IF EXISTS `profiles`;
/*!40101 SET @saved_cs_client     = @@character_set_client */;
/*!40101 SET character_set_client = utf8 */;
CREATE TABLE `profiles` (
  `user_id` bigint(20) unsigned NOT NULL,
  `gender` enum('f','m','x') COLLATE utf8mb4_unicode_ci DEFAULT NULL,
  `birthday` date NOT NULL,
  `photo_id` int(10) unsigned DEFAULT NULL,
  `city` varchar(130) COLLATE utf8mb4_unicode_ci DEFAULT NULL,
  `country` varchar(130) COLLATE utf8mb4_unicode_ci DEFAULT NULL,
  PRIMARY KEY (`user_id`),
  CONSTRAINT `profiles_ibfk_1` FOREIGN KEY (`user_id`) REFERENCES `users` (`id`)
) ENGINE=InnoDB DEFAULT CHARSET=utf8mb4 COLLATE=utf8mb4_unicode_ci;
/*!40101 SET character_set_client = @saved_cs_client */;

--
-- Dumping data for table `profiles`
--

LOCK TABLES `profiles` WRITE;
/*!40000 ALTER TABLE `profiles` DISABLE KEYS */;
INSERT INTO `profiles` VALUES (3,'f','1986-09-08',1,'Georgia','Wyoming'),(4,'m','2002-09-11',2,'NorthCarolina','Minnesota'),(5,'x','2003-10-17',2,'District of Columbia','SouthCarolina'),(6,'x','1981-04-22',2,'Connecticut','Ohio'),(7,'m','1978-01-21',7,'California','Michigan'),(11,'x','1972-09-03',3,'Montana','Tennessee'),(12,'m','2002-06-01',7,'Arkansas','Massachusetts'),(13,'f','1974-10-27',7,'Idaho','Nebraska'),(16,'m','2005-04-08',4,'Nebraska','Oregon'),(18,'m','1995-06-12',1,'Alabama','Hawaii'),(19,'x','1986-12-28',5,'Massachusetts','Kansas'),(20,'x','2017-07-08',8,'SouthCarolina','NorthCarolina'),(21,'f','1986-11-01',8,'Illinois','Ohio'),(22,'m','2014-08-07',4,'Connecticut','SouthCarolina'),(23,'f','1976-05-14',3,'Tennessee','Pennsylvania'),(27,'m','1984-02-16',1,'Connecticut','Nevada'),(28,'x','2012-07-09',2,'Colorado','Hawaii'),(29,'x','1993-05-15',5,'NewHampshire','Arizona'),(32,'f','1972-10-11',6,'Alaska','Utah'),(34,'f','1982-07-17',4,'Maine','WestVirginia'),(35,'m','1998-10-09',5,'Illinois','SouthDakota'),(36,'x','1997-05-24',3,'NewJersey','District of Columbia'),(39,'x','2021-04-26',2,'WestVirginia','Georgia'),(40,'m','1995-09-24',4,'Delaware','Wyoming'),(41,'m','2004-08-10',6,'Wyoming','Vermont'),(42,'m','1977-04-03',2,'Utah','Oklahoma'),(43,'x','1991-06-17',2,'NewYork','Maryland'),(45,'m','1984-11-04',1,'Colorado','NewYork'),(47,'x','1994-06-13',9,'NewJersey','Kansas'),(48,'x','2009-09-22',3,'Georgia','Ohio'),(49,'f','2004-10-26',4,'Colorado','Maine'),(50,'f','1970-06-28',9,'WestVirginia','Alaska'),(51,'m','2012-10-25',4,'Kansas','Iowa'),(52,'m','2014-10-26',5,'SouthCarolina','Montana'),(53,'f','1980-06-14',2,'Ohio','Minnesota'),(54,'x','1979-10-15',7,'Oklahoma','District of Columbia'),(55,'m','2006-06-08',7,'NewMexico','Pennsylvania'),(56,'f','2001-05-22',4,'Delaware','Arizona'),(58,'f','2001-11-21',6,'Louisiana','NorthCarolina'),(60,'f','1982-11-29',5,'Oregon','Pennsylvania'),(61,'f','1971-12-09',7,'Oregon','Pennsylvania'),(64,'x','2016-05-14',3,'Ohio','Kansas'),(67,'f','1980-06-29',5,'Minnesota','Minnesota'),(68,'x','2004-04-09',2,'NorthCarolina','Vermont'),(71,'f','1988-09-20',7,'NorthDakota','Wyoming'),(75,'f','2008-01-19',1,'Kansas','Illinois'),(77,'m','1985-01-23',2,'Delaware','Louisiana'),(80,'m','2018-02-22',4,'Colorado','Oregon'),(81,'f','1970-07-08',5,'Texas','Alabama'),(83,'m','2020-08-22',4,'Hawaii','Wyoming'),(84,'f','1977-12-24',2,'Idaho','Wyoming'),(85,'x','1972-04-22',9,'Delaware','SouthDakota'),(87,'f','1975-12-28',4,'Michigan','Utah'),(88,'x','1987-01-18',6,'Kentucky','Mississippi'),(90,'m','1987-04-17',6,'Louisiana','NorthDakota'),(91,'f','2015-08-19',5,'Texas','Minnesota'),(93,'m','2012-08-25',2,'SouthCarolina','Nebraska'),(94,'x','1983-02-16',4,'Florida','WestVirginia'),(96,'x','2006-03-06',1,'Wyoming','RhodeIsland'),(97,'m','2000-10-31',7,'NorthDakota','Mississippi'),(98,'x','2019-09-26',7,'Oklahoma','Virginia'),(99,'f','2014-02-05',8,'Alabama','WestVirginia'),(100,'m','2012-08-08',4,'Utah','Missouri');
/*!40000 ALTER TABLE `profiles` ENABLE KEYS */;
UNLOCK TABLES;

--
-- Table structure for table `users`
--

DROP TABLE IF EXISTS `users`;
/*!40101 SET @saved_cs_client     = @@character_set_client */;
/*!40101 SET character_set_client = utf8 */;
CREATE TABLE `users` (
  `id` bigint(20) unsigned NOT NULL AUTO_INCREMENT,
  `firstname` varchar(50) COLLATE utf8mb4_unicode_ci NOT NULL,
  `lastname` varchar(50) COLLATE utf8mb4_unicode_ci NOT NULL COMMENT 'ФАМИЛИЯ',
  `email` varchar(120) COLLATE utf8mb4_unicode_ci NOT NULL,
  `phone` char(11) COLLATE utf8mb4_unicode_ci NOT NULL,
  `password_hash` char(65) COLLATE utf8mb4_unicode_ci DEFAULT NULL,
  `created_at` datetime NOT NULL DEFAULT current_timestamp(),
  PRIMARY KEY (`id`),
  UNIQUE KEY `id` (`id`),
  UNIQUE KEY `email` (`email`),
  KEY `users_email_idx` (`email`),
  KEY `users_phone_idx` (`phone`)
) ENGINE=InnoDB AUTO_INCREMENT=101 DEFAULT CHARSET=utf8mb4 COLLATE=utf8mb4_unicode_ci;
/*!40101 SET character_set_client = @saved_cs_client */;

--
-- Dumping data for table `users`
--

LOCK TABLES `users` WRITE;
/*!40000 ALTER TABLE `users` DISABLE KEYS */;
INSERT INTO `users` VALUES (1,'Dan','Baumbach','ansel02@example.org','365-755-711','7ecd255548bf0acb4f83a8de71b3e8450a366c1e','2018-09-05 22:25:53'),(2,'Marlee','Robel','owintheiser@example.com','(056)882-17','785789ec1e7b897a23514009aa6d8bf49741c873','2010-08-27 01:26:25'),(3,'Estell','Feeney','ckoss@example.org','(862)842-06','b71563687fdbf590c98e535ef0b034f2244bb7d4','1983-02-20 08:57:04'),(4,'Dakota','Goodwin','schaefer.amie@example.org','051-489-874','62beeca49def57c39cd3c3cf453f85e69480a925','1991-07-17 02:38:40'),(5,'Jermaine','Berge','ellis27@example.org','+35(6)80168','a8abd517ea199adf3b325b7b548b93527071e785','1999-05-22 16:05:11'),(6,'Maymie','Hodkiewicz','senger.eda@example.com','716-095-957','6df8ecd44868bdfff6271eb497bd80ddfc0d7193','2014-01-05 16:00:37'),(7,'Keshawn','Bahringer','schuppe.michele@example.com','636.186.266','65183cc35fe92ee8c000bf9ed2cee03d7d5bdea9','1997-05-02 04:34:51'),(8,'Jeanette','Purdy','fahey.katelyn@example.org','(454)002-07','4bdfebb60bf64cc1768881dfce3bd175889d586e','2015-05-01 23:35:38'),(9,'Percival','Kling','ruth.hammes@example.org','1-561-787-8','8527c9d1b897714727e8bfd31520705f2ec61c0b','1993-08-10 12:08:36'),(10,'Wilber','Franecki','adrian65@example.org','1-143-935-5','5a8fd95e71701a68501c4be121ee57aae9c43867','2020-08-23 16:06:10'),(11,'Ron','Carroll','lynch.victoria@example.org','(141)566-81','95e6b3cbf8ca6a1725883b337f3f2ca815486828','1980-02-19 07:23:40'),(12,'Claire','DuBuque','garrick.hodkiewicz@example.org','156-001-308','b302b4bc0934e180f29d0d98a981f059baed7a5a','1991-10-13 19:10:39'),(13,'Lucio','Metz','haven.mayert@example.net','+41(9)71828','4617e7e2509f5d2f060baca96c739ecc9a9276a7','1973-08-24 04:01:50'),(14,'Brant','Schmidt','gmckenzie@example.org','1-422-574-9','f042199c1a041d6a3dfdc1b2a81a63e3022a6db3','1991-12-21 21:33:47'),(15,'Sebastian','Gutkowski','hessel.ole@example.net','471-009-912','cedb8f32264374d1197a681eab089c473692217a','1984-08-14 19:22:22'),(16,'Gaetano','Nicolas','general.mcglynn@example.com','(328)265-81','b2e6e45a88b544caac2262331f9800ba26ab02a1','2016-10-12 15:14:18'),(17,'Griffin','Nienow','zieme.angie@example.org','868-044-196','3d47df4b83580fcf008e57264cab277df5189324','2016-09-22 11:12:51'),(18,'Kadin','O\'Reilly','corwin.ethel@example.org','+84(9)12272','5f9c06996e0f68cdf0c23207613ae2a02ec41678','2020-07-29 15:42:11'),(19,'Electa','Cormier','koby87@example.com','+03(9)65178','7df091a2b82939ba257d93d32e385ca733a1fa81','1980-02-21 13:34:31'),(20,'Elbert','Cassin','griffin45@example.org','+20(8)19514','9df32b4c85c240bd6510658609764ad9ee426366','2011-11-29 13:59:17'),(21,'Yoshiko','Dickens','yraynor@example.net','730-681-512','5f73f98649092a2143310e09dfc20283b58d7555','1972-09-27 11:46:10'),(22,'Benedict','Pfeffer','spencer70@example.com','1-845-391-2','3da8bf14b6f1107fbaa1ba962dd8bd24db2e0caf','1975-01-25 11:19:16'),(23,'Myah','Schaefer','beatty.britney@example.net','(325)486-74','f0be994aeec408766a779401fbd4609ee2379a9d','2018-12-22 20:29:35'),(24,'Toy','Kilback','braden61@example.net','1-832-091-1','a1298ae3fab1b521a2ce981d9fba964f91d1aae2','1994-02-01 03:05:05'),(25,'Porter','Graham','laurence.hackett@example.org','537-863-526','378be8b86c1939b56b48c74afe5dfaf462d0323d','2015-10-01 10:56:54'),(26,'Adrienne','Rosenbaum','kautzer.michele@example.com','(025)264-37','febb47b851f914fff28c2a659527e8dc8bb690a1','2019-11-24 16:04:56'),(27,'Sibyl','Considine','vita.beer@example.com','(592)697-51','78d963acd520694beb3c490a6ee9eada952b340d','1975-01-27 21:46:08'),(28,'Rodrick','Grimes','gusikowski.kailey@example.net','311-228-943','9a5b577f96457df3b12f7666a09a9ba596aa2740','2018-12-31 11:27:33'),(29,'Geovanni','Bernhard','arnold95@example.org','068.650.892','b0c12d412e78b8ce440fc652820d39a024a66669','1971-10-11 19:55:34'),(30,'Dan','Lockman','mosciski.magnus@example.org','(749)440-98','bab4f15bb2d3e735e541e2786d75a93610037710','1997-06-23 06:46:28'),(31,'Lisette','Hamill','qeffertz@example.com','+58(0)95784','07a5884da64b68e89c994d4ba59e1ef785d02cde','1974-03-25 21:53:42'),(32,'Douglas','Kutch','kennith.stracke@example.org','+89(0)14570','cf011d3ea5423f676add21d95051b36efa350707','2017-11-19 00:53:55'),(33,'Elyssa','Willms','augusta.lubowitz@example.com','143.717.429','8ec74879a8269c2ee11a350bf892d2caa7e2bd65','1998-12-23 06:46:02'),(34,'Violet','Emmerich','stephen.baumbach@example.com','449-919-053','4e2879a2b3583c47ead32287c14e4ce4b9871894','2007-11-04 06:26:03'),(35,'Erling','Bartell','bertha.dickinson@example.com','854.320.513','7d39519c3c2b7de1226461b34e41f6b5cf87f521','2019-10-19 11:22:43'),(36,'Isidro','Green','clemens.abshire@example.com','1-059-682-4','862ce8bf622c93773a60517a01de642f59aaec0a','1977-10-10 15:50:36'),(37,'Cathrine','Lynch','kariane.hahn@example.org','1-001-438-8','f23d496c75ea09cba038d4eac40fc0721ad641a8','1985-04-07 23:40:56'),(38,'Jared','Larson','antonio.kozey@example.com','(482)071-77','03739bf43139b7643889488d07de94439fb5b3e3','2019-09-29 10:10:22'),(39,'Elva','Glover','bogisich.shanon@example.org','(413)192-84','fbf05c97cb21bd16e4a877d11893caab234447c2','1974-05-16 16:50:31'),(40,'Conor','Frami','lbotsford@example.net','1-099-738-0','f98b694916184bcbc6300a42ceeb75226b1643ed','1974-01-26 03:08:41'),(41,'Marisa','Haley','sawayn.alfonzo@example.com','(275)153-46','952d20d3ea2f9d5da45559596f133fcc1f2e4f2a','1983-12-19 21:01:54'),(42,'Terrance','Ernser','lambert.smith@example.org','+80(2)36958','bf594aa957555b0e2cd0addf1a6c3dc4df2c10f0','1984-09-29 10:45:13'),(43,'Felicita','Oberbrunner','jeanette96@example.org','(602)781-75','da01a05d789ee913a672bb7240428796ed47ecbf','2012-12-29 13:42:24'),(44,'Darren','Dibbert','kgaylord@example.net','738.874.842','b66d9136f42174519327294129fedfd83f939d14','1982-03-17 11:26:34'),(45,'Laisha','Hilll','wendy.boehm@example.net','305-437-818','314f2c9227dcab270b3b3736577bf6ed28e839d8','2004-02-29 05:34:35'),(46,'Crawford','Lueilwitz','june.jacobi@example.net','892-776-745','1df30338ae64006415e9733544bb3c9ca430e03d','1978-07-19 19:40:58'),(47,'Pierre','Donnelly','afton.wisoky@example.org','416-920-728','aff69ab167efe45b35742c4f440a247d2e576deb','1999-09-22 02:26:41'),(48,'Oran','Legros','nikita86@example.net','09469196799','df3d8c6988a3584e05b501b8a9bb5429fc004769','2011-11-03 12:59:12'),(49,'Ari','DuBuque','madison.towne@example.com','(947)508-73','85209b5b274b97cb884a9fc810f89ac9bff08e8e','1993-09-27 22:53:49'),(50,'Moises','Roberts','kilback.estevan@example.org','1-276-625-4','05e7c06a07794b66bca66eb4bd2314fd9a20ce79','2020-06-04 18:27:47'),(51,'Gloria','Prosacco','vincent.gutkowski@example.org','1-172-915-4','29749c83905c48fd577065255ff62b634dea4616','1983-07-01 06:38:12'),(52,'Thelma','Fadel','qmante@example.com','(623)538-98','01c1b2ad0e60291df062c62ed84f4e71580ce01a','2013-12-14 08:18:24'),(53,'Tomasa','Turner','williamson.kallie@example.org','1-393-555-0','e96eb4ed96293c16bcb7078daed14ab95956d3fc','1994-05-03 04:53:13'),(54,'Marie','Quigley','wendy33@example.com','1-994-933-8','ef293e281fc6e8f5354352f8e116917001ac23af','2006-08-16 10:27:14'),(55,'Jose','Gusikowski','destiney.wiza@example.com','(142)200-81','f8d2bdaf01814cda3501b3503387b66f2b4660d2','2019-06-16 12:34:01'),(56,'Mertie','Bauch','bergnaum.marilie@example.net','08271753168','708b501e3c7a8522748936cc29268edfe9ca050b','1976-03-16 04:53:35'),(57,'Noemy','Halvorson','gottlieb.erna@example.org','(554)281-18','146c6428d3702180646a76ccaf4d8aeab80fa674','2008-05-11 00:43:55'),(58,'Wellington','Kassulke','alakin@example.net','565-387-551','dbc7b1de2d8b2729fbd6072ac2dcc25783c57b2d','2004-07-10 14:22:01'),(59,'Shanel','Luettgen','stone.hirthe@example.com','924.251.010','0b19869f4a58c568debce245a627adea8386a670','1988-06-22 02:22:09'),(60,'Dee','Will','cgreen@example.com','1-929-767-5','0babdb9c4d7c793c4064e5e95deebdeb71e6650e','1991-09-27 19:55:27'),(61,'Shania','Macejkovic','kavon27@example.com','008.598.100','49c3d02af0dd03f2b3f626bf171c771d0ba0eead','1996-05-25 07:22:35'),(62,'Nat','Abbott','joe.stiedemann@example.org','274-365-031','654febd549d168a340907a0690b36d687c9c475a','1988-03-29 17:53:06'),(63,'Joan','Lind','ghermiston@example.com','619.627.215','94d3ef2735cf235744948da9875bdca201371295','2016-09-09 15:25:21'),(64,'Faustino','Treutel','wisozk.asha@example.com','1-173-790-9','517e78fc0d5ccac5412b789e0ec61b8b687e8298','2019-11-23 05:23:21'),(65,'Ima','Hand','izaiah04@example.org','03627870757','49b829391a7a5d71c360b71d29efc3446e2aa0f1','2005-06-25 11:15:28'),(66,'Jolie','Monahan','marina68@example.org','(968)177-65','cf91f350a5e46c7d7691c69030c238f7ca746bfa','2007-01-27 07:55:15'),(67,'Ramiro','Towne','ghilpert@example.org','1-851-771-5','a843238105483acd222873c08a2566c76206d6ff','1995-12-17 02:31:56'),(68,'Clint','Ruecker','maia03@example.net','397.523.368','11b3d995e4d2c32cfca857e9d623c8c0c4ba5bfc','1981-05-05 09:34:04'),(69,'Tierra','Sawayn','christiana72@example.com','1-443-639-7','bcfb4c4e177c036093ebebbc50bbf0371c4bf256','1989-09-22 10:18:57'),(70,'Lawrence','Gottlieb','sim.ward@example.org','484.193.003','e21827cbbd137010f5977946e087351953c269a1','1996-12-30 10:26:40'),(71,'Allison','Gutmann','cartwright.chelsey@example.com','(486)303-75','8e25c63799cf69672f4777701727e603ab04fcf0','1979-02-13 10:52:44'),(72,'Lindsay','Cremin','maggio.sterling@example.com','01012888937','bc6f1fac3b170adcd274d330f370d8660fc3f50c','1972-04-10 09:07:57'),(73,'Therese','Bauch','welch.kiera@example.org','1-402-218-9','3d493edd5c01b9d4cce86e14d5d7470f38b3597b','1988-12-04 09:03:16'),(74,'Amelie','Raynor','uschuster@example.net','(194)287-05','57ab3b7f098975d87f727a70b1d173ddff32f7c1','2016-07-21 19:05:52'),(75,'Ernestine','Heathcote','kailyn55@example.net','413-725-622','6d96353cb0a21f1abaf2cb1be4e99da10edd9773','2013-12-15 09:37:36'),(76,'Marilyne','Morissette','pansy09@example.org','1-327-304-2','325a76ff4f7b6560b05d13803ea5006fd626cd73','1992-08-01 16:38:30'),(77,'Janiya','Labadie','annalise.veum@example.net','1-621-179-6','4265d7fde99f17d75810b7f2f49da0731183e929','2002-06-02 09:50:38'),(78,'Adalberto','Runolfsdottir','jaylon45@example.net','423-060-525','9bcd1c91f4ffe73dc8d546e391567a382defb595','2002-07-07 03:35:23'),(79,'Myra','Durgan','mschulist@example.net','1-902-113-3','e142c4091fcb0d64db64d07f984f6aa58e05fa46','1975-05-03 19:17:24'),(80,'Margaret','Batz','bethel.koss@example.com','247-322-263','97f921dddaf52e461251c0e316c71741450924b2','1973-11-16 19:24:30'),(81,'Brendan','Fadel','lsporer@example.com','+68(8)28196','173d8d366e634517ab166e93bff874474a66b4b2','1996-06-16 17:00:30'),(82,'Felix','Reichel','gerlach.hester@example.com','1-592-624-5','74cdf76298534b51ad903af17f9e36f31ed14cde','2006-08-06 13:20:54'),(83,'Herman','Kub','roderick00@example.net','119.982.165','f70cfce89ca8b23ec3174a3bff70bacec7f8e05c','2007-07-30 20:53:07'),(84,'Janiya','Russel','abbigail63@example.com','1-788-182-8','fb6b859b6896c0de8b97a1d39265d2758a0ff681','1980-05-05 21:03:26'),(85,'Terence','Gislason','bernhard.otha@example.com','+27(2)05380','4e1c2a99a4fe1ecfe3b8098ccf274293e03a2527','1986-05-08 07:32:12'),(86,'Lisa','Legros','linnea67@example.com','09966271600','361da362ee9bcdc9b1d1356b790acd75cc6b4262','1974-10-03 05:07:18'),(87,'Gregory','Marquardt','vwehner@example.net','1-839-069-6','5c70567f0176295aabf6eb4210c3f954a3fd16ba','2020-09-12 11:25:57'),(88,'Wyman','Dibbert','giles16@example.com','1-188-562-0','0231a559ce239d160b1b5e322ce5ae31907c1c53','1999-04-10 16:18:54'),(89,'Jamar','Shanahan','cayla.gislason@example.com','1-204-515-4','cd52b85f7b8b9bc4f7f46fe363e432000bc646bb','2006-07-12 14:46:14'),(90,'Alessandra','Wilderman','mohammed.koepp@example.org','1-437-587-7','c453fceb9c4431a2fb96760835eb81ab8f621a68','1981-03-14 23:02:32'),(91,'Ashleigh','Mills','corrine01@example.org','+36(0)13556','4e467bd925ba55f6b338741a160abe31c0463408','1984-01-28 19:57:44'),(92,'Jana','Schuster','green.bailey@example.com','(627)036-12','c64cab9e0d9064817cd3f11b92db9eccf804a347','2001-12-25 12:19:20'),(93,'Hilda','Pfeffer','xbednar@example.com','1-183-439-0','a73fbe2c90ce796898c7d7866bb8f46814873d2a','1998-04-10 19:52:12'),(94,'Jalon','Flatley','leo.hand@example.net','(154)498-49','92e44220e578334778fa6593b9b338681bdfc8c6','2018-01-14 02:54:39'),(95,'Patrick','Blanda','jenifer.dubuque@example.com','1-081-292-1','b413c7af3cbd2a3c668120c7bb20f40b75c9f0b6','1997-01-23 18:38:51'),(96,'Brando','Crist','lucy.heathcote@example.com','777.760.045','b4885170b5a61e6a9685f7f4b0c45b9a0f1b803d','2006-02-27 06:38:05'),(97,'Dock','DuBuque','gage.king@example.net','1-876-565-9','0af0a177dc116b13ca48d6f5ee2cc9b9de8bd278','1997-02-19 12:41:33'),(98,'Jakayla','Glover','leuschke.rodrick@example.net','802.544.501','3b6f527b01af7cba8237d3964ad8ce0c178332e3','2008-07-31 09:43:19'),(99,'Jayne','Brekke','wpacocha@example.org','273.844.157','ef4ace9686c39719a3cd1bc2468c759b9d5fda90','1992-09-01 22:19:46'),(100,'Stevie','Mitchell','fleta.zboncak@example.org','(306)389-43','ebed493b42a2bc1823a5cba2dedde0685da81407','2020-07-08 19:24:14');
/*!40000 ALTER TABLE `users` ENABLE KEYS */;
UNLOCK TABLES;
/*!40103 SET TIME_ZONE=@OLD_TIME_ZONE */;

/*!40101 SET SQL_MODE=@OLD_SQL_MODE */;
/*!40014 SET FOREIGN_KEY_CHECKS=@OLD_FOREIGN_KEY_CHECKS */;
/*!40014 SET UNIQUE_CHECKS=@OLD_UNIQUE_CHECKS */;
/*!40101 SET CHARACTER_SET_CLIENT=@OLD_CHARACTER_SET_CLIENT */;
/*!40101 SET CHARACTER_SET_RESULTS=@OLD_CHARACTER_SET_RESULTS */;
/*!40101 SET COLLATION_CONNECTION=@OLD_COLLATION_CONNECTION */;
/*!40111 SET SQL_NOTES=@OLD_SQL_NOTES */;

-- Dump completed on 2021-06-09 17:16:04
