USE product_db;

-- MariaDB dump 10.17  Distrib 10.4.15-MariaDB, for Linux (x86_64)
--
-- Host: mysql.hostinger.ro    Database: u574849695_22
-- ------------------------------------------------------
-- Server version	10.4.15-MariaDB-cll-lve

/*!40101 SET @OLD_CHARACTER_SET_CLIENT=@@CHARACTER_SET_CLIENT */;
/*!40101 SET @OLD_CHARACTER_SET_RESULTS=@@CHARACTER_SET_RESULTS */;
/*!40101 SET @OLD_COLLATION_CONNECTION=@@COLLATION_CONNECTION */;
/*!40101 SET NAMES utf8mb4 */;
/*!40103 SET @OLD_TIME_ZONE=@@TIME_ZONE */;
/*!40103 SET TIME_ZONE='+00:00' */;
/*!40014 SET @OLD_UNIQUE_CHECKS=@@UNIQUE_CHECKS, UNIQUE_CHECKS=0 */;
/*!40014 SET @OLD_FOREIGN_KEY_CHECKS=@@FOREIGN_KEY_CHECKS, FOREIGN_KEY_CHECKS=0 */;
/*!40101 SET @OLD_SQL_MODE=@@SQL_MODE, SQL_MODE='NO_AUTO_VALUE_ON_ZERO' */;
/*!40111 SET @OLD_SQL_NOTES=@@SQL_NOTES, SQL_NOTES=0 */;

--
-- Table structure for table `catalogs`
--

DROP TABLE IF EXISTS `catalogs`;
/*!40101 SET @saved_cs_client     = @@character_set_client */;
/*!40101 SET character_set_client = utf8 */;
CREATE TABLE `catalogs` (
  `id` bigint(20) unsigned NOT NULL AUTO_INCREMENT,
  `name` varchar(255) COLLATE utf8mb4_unicode_ci DEFAULT NULL COMMENT 'Название раздела',
  PRIMARY KEY (`id`),
  UNIQUE KEY `unique_name` (`name`(10))
) ENGINE=InnoDB AUTO_INCREMENT=101 DEFAULT CHARSET=utf8mb4 COLLATE=utf8mb4_unicode_ci COMMENT='Разделы интернет-магазина';
/*!40101 SET character_set_client = @saved_cs_client */;

--
-- Dumping data for table `catalogs`
--

LOCK TABLES `catalogs` WRITE;
/*!40000 ALTER TABLE `catalogs` DISABLE KEYS */;
INSERT INTO `catalogs` VALUES (1,'veniam'),(2,'officiis'),(3,'distinctio'),(4,'et'),(5,'corrupti'),(6,'modi'),(7,'ex'),(8,'quis'),(9,'eos'),(10,'natus'),(11,'eaque'),(12,'qui'),(13,'sint'),(14,'expedita'),(15,'ad'),(16,'sunt'),(17,'doloribus'),(18,'id'),(19,'aut'),(20,'amet'),(21,'ea'),(22,'voluptatem'),(23,'ut'),(24,'iste'),(25,'pariatur'),(26,'quia'),(27,'eum'),(28,'explicabo'),(29,'dolore'),(30,'est'),(31,'laudantium'),(32,'veritatis'),(33,'aperiam'),(34,'omnis'),(35,'facilis'),(36,'non'),(37,'deleniti'),(38,'adipisci'),(39,'sed'),(40,'laborum'),(41,'blanditiis'),(42,'minima'),(43,'vitae'),(44,'odio'),(45,'nesciunt'),(46,'nam'),(47,'dolor'),(48,'autem'),(49,'possimus'),(50,'accusantium'),(51,'dignissimos'),(52,'ipsum'),(53,'occaecati'),(54,'quae'),(55,'cum'),(56,'necessitatibus'),(57,'dolores'),(58,'eius'),(59,'dolorum'),(60,'quo'),(61,'incidunt'),(62,'deserunt'),(63,'a'),(64,'doloremque'),(65,'eligendi'),(66,'cumque'),(67,'quisquam'),(68,'excepturi'),(69,'ab'),(70,'sapiente'),(71,'repellendus'),(72,'at'),(73,'voluptatum'),(74,'nostrum'),(75,'quas'),(76,'labore'),(77,'nemo'),(78,'recusandae'),(79,'ipsam'),(80,'praesentium'),(81,'fugit'),(82,'minus'),(83,'voluptates'),(84,'vel'),(85,'debitis'),(86,'vero'),(87,'molestiae'),(88,'ducimus'),(89,'sit'),(90,'sequi'),(91,'quod'),(92,'nihil'),(93,'in'),(94,'rem'),(95,'rerum'),(96,'tempore'),(97,'impedit'),(98,'maxime'),(99,'laboriosam'),(100,'itaque');
/*!40000 ALTER TABLE `catalogs` ENABLE KEYS */;
UNLOCK TABLES;

--
-- Table structure for table `discounts`
--

DROP TABLE IF EXISTS `discounts`;
/*!40101 SET @saved_cs_client     = @@character_set_client */;
/*!40101 SET character_set_client = utf8 */;
CREATE TABLE `discounts` (
  `id` bigint(20) unsigned NOT NULL AUTO_INCREMENT,
  `user_id` int(10) unsigned DEFAULT NULL,
  `product_id` int(10) unsigned DEFAULT NULL,
  `discount` float unsigned DEFAULT NULL COMMENT 'Величина скидки от 0.0 до 1.0',
  `started_at` datetime DEFAULT NULL,
  `finished_at` datetime DEFAULT NULL,
  `created_at` datetime DEFAULT current_timestamp(),
  `updated_at` datetime DEFAULT current_timestamp() ON UPDATE current_timestamp(),
  PRIMARY KEY (`id`),
  KEY `index_of_user_id` (`user_id`),
  KEY `index_of_product_id` (`product_id`)
) ENGINE=InnoDB AUTO_INCREMENT=21 DEFAULT CHARSET=utf8mb4 COLLATE=utf8mb4_unicode_ci COMMENT='Скидки';
/*!40101 SET character_set_client = @saved_cs_client */;

--
-- Dumping data for table `discounts`
--

LOCK TABLES `discounts` WRITE;
/*!40000 ALTER TABLE `discounts` DISABLE KEYS */;
INSERT INTO `discounts` VALUES (1,70,35,18,'2013-10-21 10:21:08','1970-07-26 19:14:03','2013-11-17 07:38:03','1996-09-11 06:42:14'),(2,40,74,607492000,'2017-02-01 21:38:13','1970-04-18 02:07:11','2004-07-13 06:27:52','2002-11-11 14:58:27'),(3,85,6,0,'2005-07-18 02:49:54','2000-03-03 06:44:51','1977-09-06 18:02:51','1970-11-01 10:52:00'),(4,72,31,724751000,'1993-01-25 19:02:37','2003-12-27 13:08:56','2008-04-19 18:28:25','2010-01-21 04:05:34'),(5,88,12,278409,'1987-07-08 13:56:02','2001-08-26 05:10:25','1982-02-17 19:36:42','2009-11-20 06:42:57'),(6,44,74,0,'1972-02-04 11:53:45','1983-06-29 11:31:20','1990-03-15 04:37:43','2011-09-28 18:07:27'),(7,19,51,17,'1991-10-18 19:11:12','1982-11-18 18:39:50','2020-05-26 23:35:46','2010-05-23 22:35:54'),(8,24,38,0,'1997-06-11 22:07:19','2011-03-02 22:57:47','1975-07-17 16:14:33','2011-11-27 09:20:26'),(9,11,15,0,'2005-12-07 16:21:28','2020-07-22 05:53:19','1981-09-08 16:07:24','2013-08-09 18:25:31'),(10,32,14,982335,'1977-05-14 10:16:26','1984-01-27 12:53:42','1998-01-16 19:19:22','1999-02-03 01:37:55'),(11,94,16,4849240,'2007-08-24 19:33:57','1984-11-25 13:02:59','1988-07-17 09:45:27','2005-08-31 00:47:08'),(12,75,29,66,'1996-01-12 02:17:52','1986-03-23 07:23:14','1989-01-28 15:25:31','1994-06-12 14:31:41'),(13,84,60,680,'2019-03-18 16:04:26','1971-11-15 03:50:41','1993-04-29 13:30:36','1976-02-20 05:36:03'),(14,20,83,2348980,'1983-04-09 08:04:06','1979-01-20 11:07:28','2013-06-24 10:05:29','1974-06-18 03:45:25'),(15,63,27,0,'2011-01-31 07:02:19','1971-02-12 16:44:48','2015-03-24 15:31:43','1989-08-30 16:01:10'),(16,70,32,0,'1975-05-24 00:58:23','2010-09-12 22:07:15','2017-11-04 18:03:25','1986-02-08 08:17:48'),(17,61,9,696,'2001-02-11 09:54:13','1990-01-26 08:24:31','2018-09-06 23:44:47','1979-06-06 05:06:45'),(18,6,46,55,'1971-01-21 06:40:26','1987-10-08 09:21:12','2020-10-25 08:05:32','2011-12-31 18:26:11'),(19,14,78,62206000,'2015-08-30 18:03:56','1975-05-11 05:30:37','1970-09-02 08:47:36','2002-04-07 10:33:42'),(20,76,2,8657,'1996-08-19 04:01:40','1988-12-22 10:03:40','2003-09-01 21:11:15','1979-01-14 23:05:28');
/*!40000 ALTER TABLE `discounts` ENABLE KEYS */;
UNLOCK TABLES;

--
-- Table structure for table `orders`
--

DROP TABLE IF EXISTS `orders`;
/*!40101 SET @saved_cs_client     = @@character_set_client */;
/*!40101 SET character_set_client = utf8 */;
CREATE TABLE `orders` (
  `id` bigint(20) unsigned NOT NULL AUTO_INCREMENT,
  `user_id` int(10) unsigned DEFAULT NULL,
  `created_at` datetime DEFAULT current_timestamp(),
  `updated_at` datetime DEFAULT current_timestamp() ON UPDATE current_timestamp(),
  PRIMARY KEY (`id`),
  KEY `index_of_user_id` (`user_id`)
) ENGINE=InnoDB AUTO_INCREMENT=101 DEFAULT CHARSET=utf8mb4 COLLATE=utf8mb4_unicode_ci COMMENT='Заказы';
/*!40101 SET character_set_client = @saved_cs_client */;

--
-- Dumping data for table `orders`
--

LOCK TABLES `orders` WRITE;
/*!40000 ALTER TABLE `orders` DISABLE KEYS */;
INSERT INTO `orders` VALUES (1,37,'1976-02-11 13:55:49','2016-07-02 19:26:11'),(2,94,'2006-12-14 13:31:37','1982-08-20 07:26:00'),(3,68,'2015-12-12 03:04:24','1972-07-08 19:13:11'),(4,94,'2016-06-03 07:49:48','1974-04-18 08:44:57'),(5,58,'1981-05-02 15:09:13','1990-04-14 13:58:26'),(6,98,'1974-01-04 23:20:09','1991-07-03 12:18:31'),(7,9,'1992-03-10 10:11:04','1980-09-19 10:30:08'),(8,1,'2005-07-13 13:23:34','2002-10-14 17:41:16'),(9,13,'1998-03-26 15:28:13','1985-05-17 02:02:08'),(10,29,'2019-05-10 07:23:53','2003-03-26 20:54:39'),(11,93,'1998-08-03 04:13:20','1973-09-09 18:31:46'),(12,32,'2019-03-16 00:49:49','1997-05-21 01:10:19'),(13,42,'2000-06-13 20:58:49','2018-06-24 13:02:13'),(14,12,'1991-01-02 15:37:27','1977-05-25 11:18:09'),(15,8,'2020-02-13 19:30:44','2005-06-05 00:04:17'),(16,10,'1996-11-07 15:42:09','1996-11-29 17:40:00'),(17,100,'2015-04-03 12:56:10','2001-04-15 15:01:57'),(18,85,'2020-02-04 14:46:37','1979-05-22 03:14:42'),(19,26,'1980-02-25 09:55:12','2020-03-25 14:20:53'),(20,12,'1979-05-01 10:40:35','2017-12-04 11:19:54'),(21,19,'1974-12-04 19:08:41','1986-08-21 14:48:26'),(22,52,'2011-05-04 01:45:51','2001-07-17 14:02:28'),(23,64,'1988-05-02 18:36:55','1998-03-21 20:21:02'),(24,82,'2003-03-28 01:03:53','1973-12-13 10:31:10'),(25,78,'1992-08-07 19:27:35','2003-01-14 20:36:26'),(26,19,'1998-09-30 16:04:23','1983-07-22 03:55:41'),(27,61,'2009-12-05 05:27:00','2009-10-06 04:30:52'),(28,21,'1980-11-23 19:26:08','2003-02-20 08:46:18'),(29,19,'2017-09-21 05:30:20','1987-09-05 08:47:50'),(30,51,'2011-09-04 01:05:20','1991-05-01 08:41:53'),(31,79,'1985-08-21 23:02:15','1995-11-17 22:54:16'),(32,55,'2015-11-06 01:02:53','1975-12-29 02:48:53'),(33,45,'1973-06-23 04:42:13','1972-03-20 13:13:48'),(34,46,'1979-08-17 07:02:04','2000-09-08 03:31:43'),(35,49,'1998-08-04 21:43:50','2007-12-25 15:41:50'),(36,3,'1980-06-10 22:34:47','1983-03-25 01:58:27'),(37,43,'1979-06-24 16:24:18','1987-04-03 20:39:05'),(38,57,'1997-02-20 13:54:45','1986-12-06 16:07:25'),(39,3,'2019-11-07 17:39:02','1976-04-16 12:31:48'),(40,56,'1972-06-02 15:18:07','2002-02-27 14:01:09'),(41,85,'1999-05-28 13:32:02','1976-08-04 09:46:27'),(42,95,'2011-08-05 23:50:54','1995-07-15 08:20:34'),(43,88,'1982-07-18 05:39:41','2012-04-16 04:06:40'),(44,26,'2011-08-21 06:56:50','2014-08-17 09:08:38'),(45,6,'1975-07-08 03:35:21','1985-09-25 22:39:21'),(46,95,'1989-01-31 01:07:24','1973-02-04 18:34:10'),(47,36,'2002-01-14 17:08:02','2007-02-03 05:12:19'),(48,5,'1974-04-09 14:32:58','1974-10-25 03:19:18'),(49,80,'1978-06-11 12:22:23','1971-11-09 14:59:49'),(50,61,'2015-09-29 03:41:31','1975-05-27 17:19:15'),(51,17,'2002-12-18 03:37:02','2020-06-25 06:47:21'),(52,99,'2006-12-25 15:50:39','1971-05-11 06:08:42'),(53,12,'1983-07-12 15:43:32','2016-05-11 17:57:02'),(54,80,'1972-11-22 16:23:51','2018-08-02 11:53:24'),(55,80,'2012-04-12 23:44:31','1994-03-18 01:25:21'),(56,90,'1980-06-29 12:03:30','2011-04-30 16:35:23'),(57,98,'1999-05-09 02:59:41','1980-04-18 11:02:12'),(58,41,'1993-10-02 05:29:49','1985-07-19 15:42:30'),(59,10,'2000-06-27 16:13:55','1997-08-02 20:07:55'),(60,16,'2016-10-26 02:08:16','1981-07-16 14:19:33'),(61,91,'1976-02-11 06:34:14','2008-08-18 19:56:13'),(62,88,'1997-01-27 02:28:56','1998-02-21 09:34:44'),(63,71,'2011-05-07 20:20:41','2011-03-21 05:19:21'),(64,36,'1991-04-05 08:51:56','1976-09-27 16:22:21'),(65,34,'2015-09-02 06:32:31','1970-02-17 05:04:13'),(66,19,'2003-01-18 09:04:48','1981-09-03 11:22:36'),(67,38,'2001-04-13 12:07:26','1992-01-07 04:24:24'),(68,77,'1994-10-21 00:53:07','1989-09-24 16:32:04'),(69,76,'2009-04-08 00:14:17','1986-05-09 05:07:55'),(70,40,'1970-09-16 09:08:02','2013-04-30 16:36:45'),(71,33,'1998-07-03 16:47:02','1976-07-16 11:15:12'),(72,60,'1986-01-31 13:09:17','2014-06-14 15:18:22'),(73,35,'1978-08-21 09:43:59','2018-08-13 21:30:00'),(74,20,'2010-08-26 10:47:59','1977-06-30 21:27:17'),(75,86,'2006-08-09 12:06:26','1980-09-11 14:23:59'),(76,41,'2005-08-20 00:15:16','1978-06-07 04:23:36'),(77,15,'1991-08-08 23:09:45','1975-06-16 07:10:30'),(78,21,'1977-01-14 22:52:40','1986-04-23 03:24:29'),(79,46,'1991-07-27 12:37:31','2011-08-27 23:29:52'),(80,94,'2010-08-28 03:21:36','2017-12-19 16:46:17'),(81,82,'1974-02-15 03:56:54','1997-01-07 14:03:18'),(82,62,'1980-07-13 00:49:29','2012-10-25 12:14:29'),(83,93,'1986-04-17 08:05:44','2005-03-07 10:25:13'),(84,94,'1979-10-10 13:43:14','1976-11-02 00:38:46'),(85,41,'1981-12-06 05:47:52','1982-05-30 23:11:11'),(86,73,'2012-02-07 02:41:41','2000-02-24 11:08:28'),(87,83,'2004-06-23 05:21:56','1990-11-30 21:13:56'),(88,39,'1990-11-03 00:31:43','1976-04-28 00:15:57'),(89,13,'1998-11-01 22:45:48','2004-11-13 16:44:26'),(90,93,'2002-07-31 00:46:50','2021-04-23 13:56:50'),(91,55,'2019-06-04 20:11:46','1986-07-26 13:31:16'),(92,4,'2012-04-01 17:23:31','2008-03-02 15:57:35'),(93,80,'1985-07-01 03:48:30','1981-05-04 17:13:38'),(94,25,'2008-06-25 09:48:16','1975-08-16 19:12:31'),(95,39,'2010-11-28 12:05:17','1989-01-26 12:31:40'),(96,14,'1985-07-11 14:23:24','1986-10-22 15:25:24'),(97,44,'1979-09-09 03:09:23','1999-08-22 12:21:18'),(98,77,'1978-01-27 15:32:22','1973-12-06 10:30:58'),(99,90,'1997-01-01 08:15:26','1997-05-28 08:59:54'),(100,19,'2012-09-08 04:43:26','2004-06-01 12:17:21');
/*!40000 ALTER TABLE `orders` ENABLE KEYS */;
UNLOCK TABLES;

--
-- Table structure for table `orders_products`
--

DROP TABLE IF EXISTS `orders_products`;
/*!40101 SET @saved_cs_client     = @@character_set_client */;
/*!40101 SET character_set_client = utf8 */;
CREATE TABLE `orders_products` (
  `id` bigint(20) unsigned NOT NULL AUTO_INCREMENT,
  `order_id` int(10) unsigned DEFAULT NULL,
  `product_id` int(10) unsigned DEFAULT NULL,
  `total` int(10) unsigned DEFAULT 1 COMMENT 'Количество заказанных товарных позиций',
  `created_at` datetime DEFAULT current_timestamp(),
  `updated_at` datetime DEFAULT current_timestamp() ON UPDATE current_timestamp(),
  PRIMARY KEY (`id`)
) ENGINE=InnoDB AUTO_INCREMENT=101 DEFAULT CHARSET=utf8mb4 COLLATE=utf8mb4_unicode_ci COMMENT='Состав заказа';
/*!40101 SET character_set_client = @saved_cs_client */;

--
-- Dumping data for table `orders_products`
--

LOCK TABLES `orders_products` WRITE;
/*!40000 ALTER TABLE `orders_products` DISABLE KEYS */;
INSERT INTO `orders_products` VALUES (1,54,80,6,'1990-01-10 20:07:29','1990-11-11 12:54:26'),(2,36,18,8,'1991-09-16 23:37:36','2005-12-16 17:21:00'),(3,39,89,3,'1986-06-10 19:09:06','2013-09-17 15:06:13'),(4,36,77,7,'1981-03-10 00:53:26','1970-04-12 02:12:07'),(5,82,53,7,'2005-04-11 18:02:35','1985-01-05 04:58:33'),(6,74,1,9,'1987-10-19 07:13:55','1976-08-21 05:42:32'),(7,88,19,0,'2009-08-24 07:39:00','1983-08-06 08:39:34'),(8,2,60,1,'2001-11-17 18:11:25','2005-03-10 03:47:39'),(9,90,65,8,'1986-04-27 01:49:29','1984-03-10 16:49:03'),(10,45,1,2,'2006-10-20 11:40:59','2005-05-17 16:02:19'),(11,66,36,3,'1988-01-22 17:22:13','1999-04-07 12:28:03'),(12,5,8,1,'2009-09-25 03:14:08','2000-12-26 12:13:35'),(13,12,99,5,'1975-08-09 07:45:02','1980-04-22 03:37:27'),(14,52,57,6,'2016-03-16 11:41:29','1994-12-31 16:35:34'),(15,7,48,1,'1986-08-20 03:50:27','1970-07-28 12:53:51'),(16,22,61,1,'2004-02-07 20:26:17','1977-03-20 03:51:57'),(17,28,58,5,'1998-03-16 16:32:34','1982-01-30 06:02:50'),(18,78,67,6,'1978-02-26 15:50:44','1999-02-20 02:17:29'),(19,47,13,7,'1983-03-11 12:12:00','2005-06-12 20:58:49'),(20,43,28,3,'1991-12-07 18:12:34','1985-06-26 22:00:33'),(21,66,17,2,'1999-06-04 18:25:23','1970-10-22 18:27:25'),(22,29,54,8,'1980-02-10 09:09:19','1979-07-19 10:20:16'),(23,35,30,7,'1989-03-31 04:02:51','2010-09-12 02:14:32'),(24,14,24,9,'1984-05-29 19:49:36','1982-08-02 06:38:53'),(25,95,58,0,'2004-11-06 09:45:12','1991-04-10 01:54:50'),(26,25,60,9,'2010-03-25 07:35:29','1972-07-22 00:40:50'),(27,94,30,0,'1977-10-12 02:05:45','1977-10-28 22:28:55'),(28,67,5,6,'1990-05-04 07:06:28','2004-03-02 04:28:04'),(29,28,19,2,'1975-06-10 10:19:47','1985-06-16 17:41:14'),(30,61,35,1,'2015-06-26 14:36:47','2013-05-17 17:40:12'),(31,67,83,5,'2019-08-21 21:14:26','2002-07-30 04:22:05'),(32,95,94,6,'2010-06-07 17:46:12','2021-03-04 00:59:57'),(33,40,73,5,'1974-03-03 07:29:02','1980-07-19 12:52:19'),(34,61,86,2,'1979-11-02 22:46:24','2019-12-20 08:15:13'),(35,86,3,6,'1981-12-31 18:20:14','1980-12-03 16:49:24'),(36,14,51,0,'1988-11-28 03:11:53','2011-06-08 11:05:55'),(37,19,42,2,'1973-05-22 00:20:58','2012-10-04 21:47:07'),(38,5,54,2,'2015-12-05 12:54:46','1982-11-15 20:21:20'),(39,71,18,1,'1979-08-10 19:51:20','2011-04-30 11:19:02'),(40,78,65,8,'2012-12-24 15:26:00','1997-08-28 05:27:33'),(41,76,2,2,'1986-12-09 19:55:26','1981-08-12 20:41:34'),(42,25,69,8,'2017-09-11 14:41:37','1972-02-16 05:49:04'),(43,31,92,4,'2001-12-26 21:08:21','2006-05-01 11:03:22'),(44,73,59,5,'1972-01-10 13:55:52','1974-09-07 03:53:33'),(45,10,34,0,'2010-04-22 07:26:55','1993-07-26 00:53:21'),(46,94,76,6,'2006-06-29 23:10:25','2016-10-16 05:36:56'),(47,16,89,3,'1981-02-17 22:58:28','2009-11-01 07:15:09'),(48,70,55,3,'2021-05-13 15:01:50','1996-04-26 06:43:58'),(49,62,30,9,'2010-11-24 07:51:06','1972-10-30 03:42:17'),(50,41,47,6,'1997-09-28 18:46:40','2015-04-30 20:37:22'),(51,33,54,6,'2014-09-12 19:43:15','1992-09-22 17:51:31'),(52,98,51,3,'2016-02-26 10:03:37','2008-12-29 01:25:31'),(53,95,2,0,'1995-01-20 09:53:18','2006-01-21 21:18:03'),(54,4,66,4,'1992-04-11 03:28:54','2014-04-28 04:12:19'),(55,19,82,6,'2018-08-02 07:58:51','2012-10-28 11:24:01'),(56,31,94,1,'2002-12-09 10:12:24','1994-11-06 21:00:34'),(57,83,55,1,'1996-01-01 08:03:03','2001-09-02 05:51:00'),(58,63,14,3,'1970-06-04 23:03:19','2002-12-17 07:39:00'),(59,47,35,2,'2007-10-09 06:12:17','2001-04-26 02:36:02'),(60,73,56,0,'1975-05-01 08:19:11','1998-06-07 11:17:06'),(61,69,67,0,'1995-09-13 00:53:43','1998-05-04 04:27:58'),(62,32,84,0,'1999-12-19 11:44:52','1977-06-13 21:30:30'),(63,56,1,4,'2014-05-06 01:45:23','1975-10-27 12:56:21'),(64,39,17,3,'2009-01-24 02:35:21','1972-05-05 15:33:09'),(65,31,79,8,'2021-03-03 08:18:12','1998-04-14 02:25:34'),(66,63,63,3,'2013-02-24 20:55:25','1995-03-01 07:27:03'),(67,33,61,8,'1991-09-01 13:13:11','1971-06-27 07:32:43'),(68,13,27,8,'2001-04-02 23:12:30','1993-07-28 09:53:13'),(69,62,17,3,'1993-06-09 05:28:16','1996-05-06 12:12:54'),(70,93,81,8,'2019-08-17 14:32:27','2012-03-29 23:12:03'),(71,98,23,1,'1987-01-18 05:26:18','2021-02-04 22:15:51'),(72,75,81,5,'2001-10-24 16:10:23','1991-09-28 06:48:59'),(73,78,37,5,'2013-11-15 03:41:39','2004-11-12 03:39:56'),(74,95,25,7,'2017-07-07 14:57:25','2018-02-14 19:15:57'),(75,72,67,1,'1995-08-14 20:32:22','2004-04-02 20:27:16'),(76,80,40,6,'1999-06-11 22:15:06','1971-04-24 19:48:56'),(77,34,11,7,'1999-10-28 09:36:58','2000-11-20 01:09:06'),(78,23,89,0,'2018-07-02 18:02:22','1984-12-29 22:42:14'),(79,12,62,0,'2008-05-24 00:06:47','1987-12-29 23:52:12'),(80,5,42,3,'2020-09-13 15:57:19','2003-05-25 18:27:49'),(81,40,68,2,'2003-03-16 10:27:17','1988-01-31 19:02:38'),(82,4,73,5,'1984-08-14 20:10:23','2014-01-29 07:53:56'),(83,28,17,8,'1971-07-24 18:38:13','1999-12-29 09:47:42'),(84,100,89,6,'2013-11-06 10:14:12','2003-01-10 00:58:54'),(85,34,92,9,'2019-03-16 06:41:21','2010-08-11 02:04:44'),(86,70,32,5,'2019-03-28 23:09:09','2005-01-18 13:19:12'),(87,15,44,5,'2003-04-15 19:38:56','2002-01-23 08:19:29'),(88,12,93,8,'1976-01-02 16:13:55','1989-04-26 08:49:31'),(89,81,6,2,'1991-05-15 14:46:47','1998-12-14 08:13:12'),(90,17,52,0,'2001-03-02 19:04:30','2000-04-27 09:25:27'),(91,73,97,2,'1998-05-10 18:46:10','1991-09-09 09:51:03'),(92,92,6,6,'1985-09-08 07:52:20','1995-11-08 22:30:46'),(93,8,15,9,'1989-01-06 02:56:49','2016-02-18 01:31:43'),(94,94,19,3,'2008-02-29 23:22:16','2006-10-23 03:51:11'),(95,76,99,9,'1973-03-27 12:50:15','1994-01-24 01:28:17'),(96,61,16,7,'1975-01-22 23:33:42','2018-05-05 15:55:56'),(97,66,64,4,'1986-11-13 12:14:30','2007-10-03 21:57:02'),(98,88,93,2,'1975-03-12 09:29:10','1994-10-23 19:56:43'),(99,80,87,0,'1992-04-24 23:42:10','2010-11-16 07:58:10'),(100,82,14,5,'2016-04-07 07:16:25','2004-07-18 07:20:59');
/*!40000 ALTER TABLE `orders_products` ENABLE KEYS */;
UNLOCK TABLES;

--
-- Table structure for table `products`
--

DROP TABLE IF EXISTS `products`;
/*!40101 SET @saved_cs_client     = @@character_set_client */;
/*!40101 SET character_set_client = utf8 */;
CREATE TABLE `products` (
  `id` bigint(20) unsigned NOT NULL AUTO_INCREMENT,
  `name` varchar(255) COLLATE utf8mb4_unicode_ci DEFAULT NULL COMMENT 'Название',
  `description` text COLLATE utf8mb4_unicode_ci DEFAULT NULL COMMENT 'Описание',
  `price` decimal(11,2) DEFAULT NULL COMMENT 'Цена',
  `catalog_id` int(10) unsigned DEFAULT NULL,
  `created_at` datetime DEFAULT current_timestamp(),
  `updated_at` datetime DEFAULT current_timestamp() ON UPDATE current_timestamp(),
  PRIMARY KEY (`id`),
  KEY `index_of_catalog_id` (`catalog_id`)
) ENGINE=InnoDB AUTO_INCREMENT=101 DEFAULT CHARSET=utf8mb4 COLLATE=utf8mb4_unicode_ci COMMENT='Товарные позиции';
/*!40101 SET character_set_client = @saved_cs_client */;

--
-- Dumping data for table `products`
--

LOCK TABLES `products` WRITE;
/*!40000 ALTER TABLE `products` DISABLE KEYS */;
INSERT INTO `products` VALUES (1,'reprehenderit','In perferendis velit fuga nobis ut omnis. Quia in aliquid atque vel eligendi maiores. Commodi quos rerum officiis illo odio veniam possimus. Est neque quis consequatur magni iusto.',2253.88,10,'1975-03-01 04:03:13','1971-11-10 23:07:16'),(2,'ut','Qui rem natus expedita saepe aut reiciendis placeat. Optio suscipit nostrum autem facere. Culpa eum architecto sapiente earum nihil ut.',37452.29,8,'2020-03-24 05:24:39','1996-03-22 02:47:10'),(3,'qui','Ut ut hic in velit rem animi ullam. Tempore quia tempore iure expedita quae. Dolorem dolorum voluptas necessitatibus itaque qui. Expedita quia libero et dicta facilis.',16809761.99,49,'2002-01-13 11:14:13','1973-05-17 03:21:15'),(4,'voluptatem','Dolorum iusto distinctio et numquam. Incidunt voluptatibus accusamus vel aliquam. Deserunt aliquid architecto accusantium laudantium deleniti fuga.',316.42,46,'2012-01-30 05:54:19','1974-12-08 00:01:37'),(5,'quasi','Vero dolorum cupiditate voluptatem dignissimos. A repudiandae blanditiis officiis. Commodi natus ratione in quis sint magni. Voluptatem voluptatem expedita consectetur et.',167.09,94,'1971-09-12 01:25:10','2009-06-14 19:34:19'),(6,'ratione','Neque distinctio ullam dolor explicabo et officia corporis. Illo non cum facilis. Expedita cum repudiandae voluptatibus quia.',6.00,55,'2015-04-19 01:03:47','2006-05-28 18:35:21'),(7,'est','Tempore et repudiandae ut enim. Quis ipsa harum reiciendis alias laudantium illum qui aut. Atque animi id vero sapiente sit optio nihil.',3057235.20,29,'2020-01-21 10:45:02','2010-01-18 09:47:38'),(8,'asperiores','Fugit iure tempore omnis eum officia perferendis. Omnis odit sunt omnis quas eaque. Quia fugiat reprehenderit a. Voluptatem sit laudantium sunt consectetur ipsum deserunt natus dolores.',0.00,14,'1973-10-14 21:22:09','2013-06-19 18:17:50'),(9,'suscipit','Praesentium molestiae molestiae ea ipsum commodi praesentium maxime. Ut ullam nihil tempora. Ipsam consequatur facilis ex quae.',60680477.00,68,'2017-03-21 10:10:01','1970-04-19 15:55:08'),(10,'aspernatur','Occaecati non sunt asperiores sapiente ipsa quibusdam. Distinctio quaerat quasi est recusandae autem fugiat quo. Qui tenetur minus eum totam dolores perferendis. Dolores optio sunt libero.',1065.41,64,'2010-04-27 19:15:57','1989-03-31 05:59:39'),(11,'laborum','Nihil a autem doloremque occaecati. Repellat cum sit commodi voluptas et. Et similique ut ipsa.',4.61,39,'2019-04-20 09:40:18','2005-08-21 23:13:48'),(12,'ipsam','Reiciendis dolor qui qui dicta eos quo. Repudiandae ut molestiae explicabo ratione consectetur quo explicabo. Vel aliquam pariatur sunt blanditiis recusandae quae.',2402.00,82,'1987-12-07 00:55:31','2000-01-23 00:42:32'),(13,'atque','Quia repellendus et odio repudiandae debitis. Laborum dolor autem fugit rerum maxime. Voluptas enim atque ipsam distinctio fugit.',25.25,8,'1982-02-23 00:33:58','2013-07-20 21:13:11'),(14,'est','Voluptatem totam eos nemo consequatur. Odio similique nostrum fugiat aliquam et perferendis rem. Repellat ut in laboriosam et quia necessitatibus recusandae.',3091.98,94,'1987-01-16 04:32:45','1996-04-16 11:53:34'),(15,'vel','Fugit ut nulla molestiae sed. Fuga inventore vitae omnis. Omnis magnam aut tempore assumenda.',16.06,97,'1993-01-21 22:25:29','2015-03-23 13:50:14'),(16,'ipsum','Ut dolorum fuga iusto nemo. Vel assumenda eum beatae ut. Reprehenderit labore dignissimos ut dignissimos laboriosam. Dolores enim voluptatem corrupti omnis.',3217.64,72,'2015-05-08 21:25:49','1993-11-27 14:26:01'),(17,'voluptates','Sit ex dolore sunt aut consequatur possimus consequuntur eveniet. Non molestiae rerum incidunt voluptatem molestias nostrum nemo. Voluptatem quia voluptas cupiditate quisquam.',235535.62,80,'1978-10-02 23:44:51','1982-05-24 01:58:16'),(18,'labore','Et dicta aut nisi corporis et ipsa. Placeat praesentium consequatur sit quo non. Dolor aperiam nobis aut velit. Doloribus voluptate amet saepe consequuntur.',702.07,59,'2011-06-17 19:43:41','1996-08-13 06:50:35'),(19,'illo','Iusto voluptatem sed voluptatem perspiciatis voluptas molestias. Consequatur qui autem omnis. Placeat aut dolores tenetur in nemo ut dolorem. Esse alias impedit odit nostrum.',8117040.79,20,'1979-01-05 13:47:09','1979-10-09 17:38:58'),(20,'distinctio','Et sit illum consequatur sint officiis. Quia et enim quae a ex est. Ad quas quia quo occaecati provident. Quidem nobis enim ullam consequatur nisi.',517.93,64,'1999-02-20 03:47:32','1997-12-28 10:59:05'),(21,'qui','Minima architecto quod reprehenderit voluptas. Optio omnis excepturi quod eos totam nisi. Quo cupiditate eius culpa est sit. Laboriosam qui quibusdam reiciendis doloribus ad non minima.',33214029.85,28,'1988-06-16 06:58:46','1998-10-02 13:52:43'),(22,'quasi','Veniam ea ut sed consequatur. Dolore quibusdam ut tenetur sunt minima eius aliquid. Sit eligendi laboriosam placeat quam. Dicta enim eaque aut et quis laboriosam necessitatibus dolorum.',37.98,11,'1975-03-03 16:58:37','1999-05-02 01:15:01'),(23,'autem','Aut nobis qui expedita. Vel iste delectus rem magnam dolores quaerat. Autem dolor error non animi.',18.97,36,'2004-03-29 00:29:09','1977-05-04 09:17:41'),(24,'enim','Quia voluptatem nobis qui et eos totam et. Officiis voluptates reiciendis labore vero qui rerum dicta. Labore repellat dolores minima adipisci.',4858.19,29,'2003-07-02 02:37:29','1987-08-04 07:48:51'),(25,'quia','Exercitationem voluptates cum cupiditate error provident est quo. Quia esse nam nesciunt odio. Rem ipsum enim beatae quo beatae nam et. Labore cumque tenetur qui consectetur optio voluptatem culpa.',621.00,69,'1986-03-27 04:48:31','2002-08-22 09:18:48'),(26,'aut','Incidunt debitis suscipit atque harum sint reiciendis est. Soluta et ex laudantium voluptas autem qui id. Alias quis odit eos id voluptatem pariatur dolores enim.',622329634.00,36,'1978-06-10 15:11:03','2017-01-20 03:28:46'),(27,'praesentium','Nesciunt sunt dolores sed non officiis. Iste aliquam fugiat culpa culpa necessitatibus. Facere consequatur delectus nulla nisi consequuntur esse ratione qui. Architecto quasi et reprehenderit quis necessitatibus repellendus.',176877.64,93,'2014-02-27 06:01:34','1974-12-11 21:49:17'),(28,'omnis','Suscipit pariatur beatae ab fuga culpa beatae aut. Minima sunt dolore architecto nemo.',0.00,99,'2001-10-10 09:06:15','1973-01-11 03:49:10'),(29,'ab','Omnis culpa ab illum ad. Dolores culpa excepturi laborum mollitia iusto repudiandae sunt. Explicabo labore optio rerum alias quasi nesciunt placeat. Aperiam aut neque qui id quasi et atque.',840450.38,48,'2004-10-16 00:57:18','1986-08-27 03:35:40'),(30,'neque','Quo eius voluptate nihil perferendis. Doloremque consequatur nihil aut cum. Facilis sequi aut odit pariatur deserunt ea.',289247591.00,7,'2008-05-12 14:55:21','1974-05-10 21:15:06'),(31,'est','Deserunt consectetur dignissimos dicta qui laborum dolores animi qui. Pariatur minus eligendi modi qui velit autem distinctio.',65242860.48,90,'1984-12-21 06:04:18','2009-02-21 00:28:53'),(32,'et','Reiciendis ut quo itaque consequatur mollitia accusantium aut. Vel minus sit molestias inventore dolorem minima. Velit adipisci quaerat expedita. Nihil at ea beatae ea ut natus exercitationem.',51.84,58,'1970-12-24 14:56:09','1971-11-01 19:57:35'),(33,'ducimus','Pariatur et nostrum eos odit qui. Quo deserunt et enim sint optio praesentium voluptatem. Et maiores accusamus et eum illo.',54.69,14,'1994-08-07 05:54:25','1982-06-03 16:23:29'),(34,'tempora','Eos minus dolores ratione et facere. Qui expedita incidunt ullam nihil provident. Rem architecto sint est cum. Neque minus deleniti est vero dolor animi debitis.',6328618.26,39,'1970-12-11 07:49:04','2011-11-02 13:43:35'),(35,'nobis','Accusantium error sit ipsam et sapiente magnam. Voluptatem aut deleniti aut et qui voluptas. Harum sint quibusdam ipsum.',20074.39,3,'1998-07-29 01:00:05','1978-04-15 00:14:40'),(36,'rerum','Adipisci quis et animi nihil amet dolores veritatis. Suscipit exercitationem sequi corporis velit voluptas ut. Et sit quo quos nobis. Quia qui eligendi error.',33795141.16,8,'1999-05-16 16:02:02','1997-12-19 22:51:03'),(37,'consequatur','Architecto consequatur voluptatem veritatis error ut. Molestias debitis doloremque est et rerum aspernatur. Aperiam odio ipsum eveniet repudiandae est consequatur sit. Velit omnis nisi eum dolorem vel eveniet consequuntur.',0.00,93,'1988-03-27 06:31:12','2001-12-10 12:06:11'),(38,'ex','Ut et et nulla exercitationem. Facere id modi officia sed. Eveniet hic iste esse minima ut eum.',3552.25,32,'2019-08-19 14:35:36','1979-10-22 13:48:32'),(39,'hic','Unde vero sit eaque sit deleniti veritatis minima voluptas. Omnis pariatur error sunt iusto et. Qui beatae minima totam sit sed perspiciatis quia. Reiciendis vel consectetur repudiandae eum.',70528.21,21,'1980-08-26 09:10:18','1992-04-11 09:04:54'),(40,'quibusdam','Sed illum possimus a sint quam beatae. Assumenda repudiandae facilis adipisci quam laborum tempora neque ducimus. Fugit aliquam aut provident sit laborum.',0.00,61,'1998-11-06 00:29:24','1984-02-26 05:34:22'),(41,'voluptatem','Explicabo dolor ad rerum sequi nesciunt quis et. Cumque rerum et ea. Asperiores et et voluptates cum quisquam neque aliquam.',18264902.00,95,'1985-12-30 17:44:40','1995-06-29 06:38:54'),(42,'maiores','Sunt eos facere necessitatibus quis voluptas. Harum voluptatem harum vel impedit. Modi ipsa omnis laudantium est atque dignissimos ea. Aut natus ut fugiat autem.',295808512.05,59,'1999-05-22 06:04:47','1989-01-16 07:43:37'),(43,'labore','Error nostrum est sint cum inventore id. Nam officiis quam ex delectus. Officiis hic velit alias quia totam. Similique tempore magni ullam et.',0.39,43,'2004-06-09 12:36:42','2010-12-25 22:26:19'),(44,'accusamus','Fugit culpa eum corrupti mollitia dicta. Ea aliquam consectetur nemo. Voluptatem sed nam occaecati commodi et laudantium ut.',4947996.00,2,'2016-10-15 15:21:26','1999-08-10 13:48:32'),(45,'sit','Ducimus at beatae alias dicta autem. Provident porro autem praesentium quo in. Dolor illo laudantium odio est ratione. Amet sapiente culpa et omnis dignissimos dolorum.',0.00,53,'2009-10-21 01:03:24','1975-09-24 17:43:18'),(46,'esse','Asperiores numquam consequuntur dolorem ratione. Alias laudantium optio laborum explicabo ab error. Iste quia autem quo quis veritatis rerum sed qui.',29742.00,39,'1986-10-05 07:02:14','1973-09-13 13:30:11'),(47,'ex','Est sed repudiandae sunt qui tempore quos. Sapiente nulla iusto illo asperiores. Dolor dicta voluptatem accusantium minima. Libero distinctio harum est. Qui enim autem autem vel aut ut.',649.04,74,'2006-09-23 08:11:08','1985-11-01 23:16:24'),(48,'qui','Dolor odit quidem ipsum ab magni voluptas. Quis aut hic fugiat quae occaecati. Fugiat numquam impedit molestias laboriosam qui quis.',0.00,32,'2017-07-17 14:51:36','1995-10-15 21:55:15'),(49,'veniam','Ipsum ut repellendus reprehenderit ipsam. Dolore labore unde eum rem consequuntur sunt reiciendis. Debitis consequatur magnam eos ipsam quae quibusdam. Quidem soluta autem aut mollitia adipisci. Sapiente delectus consequatur ex quis nostrum expedita.',193.65,98,'1996-05-03 13:37:44','1997-12-05 08:36:14'),(50,'omnis','Quam dolore velit occaecati vel nostrum hic. Quia cum libero doloribus et illo. Impedit et et ad magnam quia sequi exercitationem et.',2.30,93,'1988-08-21 18:19:55','1976-09-20 00:56:48'),(51,'vero','Maiores molestiae ab voluptatem vel libero. Et qui ut aliquam tempore hic omnis dolores esse. Voluptatem ea voluptatem rerum vel iure doloremque. Quod nobis non doloremque.',11211.40,95,'2011-01-27 08:01:30','1979-11-28 10:18:11'),(52,'maiores','Iusto soluta ullam voluptas totam odio. Qui mollitia id fuga voluptatem sit at atque. Porro et reiciendis facilis quis ut laborum. Dolores adipisci omnis repudiandae numquam optio possimus.',29754234.50,25,'1974-01-26 12:18:51','1975-11-03 14:00:58'),(53,'et','Dignissimos et maxime voluptates doloribus commodi rerum. Animi ad minima facere modi dolore. Blanditiis illo quidem deleniti tempore et sint et.',51.61,3,'1976-10-30 17:11:52','1971-03-17 07:13:32'),(54,'quo','Occaecati dolorem doloribus repellendus incidunt a fugiat iure odit. Exercitationem dicta ex cupiditate et perferendis. Consequuntur similique sequi nesciunt expedita autem et est.',4.70,31,'1981-03-26 23:03:32','1987-01-25 13:45:05'),(55,'quia','Nisi non odio esse modi omnis sed. Eius et cumque odit nihil qui aperiam labore. Necessitatibus quam magnam harum. Et consequatur sunt laboriosam et.',13246.30,54,'1976-12-07 22:35:46','1977-05-10 07:24:49'),(56,'vitae','Itaque odio sunt non nisi qui. Eum rerum nihil consequatur et porro quia. Aut tenetur iste ad voluptatum reiciendis atque et. Culpa velit eveniet excepturi doloribus.',30752.65,71,'2011-10-02 04:05:43','2001-11-23 09:29:06'),(57,'labore','Nisi ut et atque ut voluptatibus error ex qui. Et quia consequatur aut in earum ut et. Suscipit ad rerum laudantium.',1627.03,66,'2021-02-17 23:38:46','2016-09-05 02:52:04'),(58,'fugit','Sequi sunt aut vitae ea non. Inventore tempore ab provident ut. Quod ut illo eligendi sint. Id quia ab sit sunt rerum ad maiores.',42218.29,46,'1995-06-15 04:20:32','2016-04-22 05:50:45'),(59,'id','Veritatis quis assumenda illum. Itaque est cupiditate sed mollitia. Dolore laudantium molestiae blanditiis quos similique. Quidem fugiat omnis occaecati similique.',0.00,69,'2009-10-25 07:26:23','2002-04-03 00:04:28'),(60,'est','Soluta reprehenderit molestias quo tempora accusamus. Nisi est sint neque dolor. Suscipit saepe ex soluta provident ut quibusdam consectetur. Et vel optio dolores sed earum maiores rerum.',2471.75,14,'1988-04-02 05:18:15','1977-12-02 20:08:00'),(61,'reprehenderit','Delectus autem ut nihil animi. Id soluta consectetur praesentium distinctio libero. Aut omnis eum possimus.',0.00,52,'1972-01-28 03:57:34','1983-04-03 13:02:43'),(62,'a','Id qui ad unde voluptatem enim. Omnis autem saepe facilis ex voluptas. Autem temporibus et voluptatem ea ut.',0.76,59,'2018-05-16 15:21:45','1986-12-29 23:33:21'),(63,'minus','Nam ipsa et adipisci laborum impedit. Soluta totam perferendis amet aut nostrum. Quasi et quo molestiae odio omnis et atque. Reprehenderit vitae ipsam exercitationem quod rerum quia commodi.',1983.14,71,'1972-07-10 08:22:23','1989-11-10 07:22:36'),(64,'id','Esse corporis ut voluptate sed sed accusamus eaque. Autem voluptate iusto enim non ea esse mollitia rem. Delectus rerum nihil ea ipsum molestiae ut vitae optio. Voluptate vel eum eius fugit occaecati. Ullam tempore dolore sit et expedita.',212414.70,65,'1985-01-14 20:34:27','1982-02-03 13:07:42'),(65,'doloribus','Molestiae dicta quas voluptatem vero et maxime. Neque quis sunt delectus. Sapiente molestias est sed. Blanditiis quam est voluptatem et.',480748.35,97,'1994-06-26 17:29:01','1975-04-01 11:24:38'),(66,'quam','Quo nemo saepe eum est temporibus laboriosam. Ratione quis laboriosam occaecati saepe illo. Consequatur quia quaerat quos consequatur nesciunt delectus est aut. Quae rerum et non iusto dolorem sunt est.',82319.13,73,'1984-02-26 06:47:00','1974-12-17 17:32:21'),(67,'rerum','Ut repellendus in beatae ullam dolore consectetur assumenda. Temporibus aliquam laborum cum est. Ut nihil iusto porro. Inventore animi quos et laborum natus quia amet.',61744.84,73,'2001-04-27 01:42:56','1985-02-13 07:13:58'),(68,'consequuntur','Corporis consequatur voluptas aut non aut quo. Praesentium omnis et occaecati dicta. Nemo inventore qui quam est harum deserunt suscipit.',12.67,90,'1972-07-28 16:06:00','2007-10-27 20:52:48'),(69,'voluptas','Eos itaque velit alias ipsam et molestiae. Maxime sit aut aut sint qui aliquid dolore deleniti. Vero eum vel nulla facilis iste sunt. Molestiae et eius accusamus doloribus mollitia consequatur.',19533.13,5,'1971-05-01 09:48:25','1979-02-22 11:10:23'),(70,'voluptate','Quia est dolorem minima eius doloribus sint voluptatem. Sequi ut eum harum quia tenetur.',11530012.29,93,'2004-06-29 11:44:46','1989-06-22 07:08:11'),(71,'voluptas','Iusto incidunt ut consequatur ducimus consectetur voluptates hic. Eos ea non velit unde suscipit ut aspernatur.',66895920.60,50,'1982-04-09 03:22:50','2016-02-20 00:10:44'),(72,'est','Fuga repellat consequatur eveniet molestiae nesciunt quia dolorem. Non dolores tempore veniam nulla non reprehenderit harum.',4.00,99,'2006-01-21 23:42:18','2007-07-18 13:03:25'),(73,'ab','Provident explicabo et dolore accusamus. Perspiciatis quo qui voluptas eveniet quis. Ut quo tenetur autem cupiditate omnis. Dicta laudantium cum nisi doloremque dolorum.',624.79,52,'1974-03-05 08:34:45','1988-09-25 15:17:10'),(74,'maxime','Enim non vel molestias culpa ea quasi. In ipsam quidem illo cum quas velit. Perferendis quisquam aut et hic et error itaque.',287.13,93,'2009-06-22 03:56:43','1984-06-11 23:25:55'),(75,'incidunt','Itaque eius fuga suscipit. Vel recusandae non magnam saepe. Esse adipisci molestias voluptas.',1216.80,1,'1981-04-11 12:57:35','1974-09-08 09:37:01'),(76,'quaerat','Voluptatibus omnis inventore officiis architecto nihil ad voluptas. Unde molestiae ducimus quaerat accusamus voluptas facilis. Nihil magnam quia id ullam. Dolores eos at suscipit totam dicta quibusdam dolores.',3.21,4,'2006-03-11 22:27:57','2015-08-31 06:28:00'),(77,'fugit','Nemo incidunt voluptates quisquam officiis. Est sequi repellat maxime ipsam quo unde. Doloribus temporibus dolorum nulla dolorem illum maxime. Provident ipsam aut et minus consequuntur nulla.',6.94,31,'1976-12-28 23:18:33','1998-12-17 02:32:22'),(78,'laborum','Quis hic ipsa quasi eligendi pariatur illo. Alias aliquam sunt et corrupti. Quae asperiores officia nulla voluptas sunt vel quia doloribus. Dicta minus voluptatem est recusandae vero eaque ut assumenda.',2.49,74,'1987-07-25 16:35:25','2020-09-09 10:34:00'),(79,'et','Sed numquam quas ipsam facilis quam sint sint. Aut qui earum voluptate. Temporibus occaecati repellat facilis suscipit et sit. Placeat amet aut ullam iste dolores laboriosam voluptas.',0.00,36,'1987-02-27 05:13:30','1995-03-03 10:21:00'),(80,'assumenda','Architecto omnis molestias doloribus unde laboriosam nisi. Ut ut officiis quasi rerum velit. Tempore ut nostrum magnam accusantium est perspiciatis. Labore sed ratione ad enim.',3292.13,29,'2011-01-10 21:07:30','2018-12-27 10:26:52'),(81,'totam','Quisquam optio sed quidem impedit est quia dolorem. Voluptas beatae perspiciatis esse a qui quisquam. Ut commodi iusto ratione. Ipsa et eos est dicta rerum facilis eos.',15459.48,67,'2009-12-25 19:04:22','2000-06-03 04:31:04'),(82,'perspiciatis','Amet nulla officia vel aut ea ipsam. Voluptatem aliquid aut qui illum aut et voluptatibus. Nobis nam rerum cum odit. In culpa aut nostrum reiciendis.',345482680.01,30,'2008-04-24 11:20:45','2000-09-24 00:45:18'),(83,'quasi','Praesentium sed reiciendis sint eos. Corporis vero voluptatem omnis ipsum. Quasi eos libero recusandae ullam.',28226.14,54,'1994-01-09 14:24:34','2008-02-02 09:39:39'),(84,'autem','Nesciunt qui vel vel hic nihil repellat cum dicta. Ut fuga quia unde temporibus dolorum velit adipisci. Dolores aut voluptate totam repellat qui.',1322.09,69,'1981-08-27 01:09:44','1997-07-10 23:11:10'),(85,'labore','In ratione est non quaerat voluptates atque. Reiciendis aliquid suscipit qui temporibus vero. Exercitationem ab corporis minima voluptatibus perspiciatis nemo eaque. Velit ab illum modi eligendi. Mollitia vel facilis voluptates repudiandae.',0.00,60,'1995-02-20 14:50:42','2012-06-17 16:19:47'),(86,'dolores','Earum vitae quia rerum mollitia. Amet repellendus corporis et qui.',21.86,7,'2014-12-12 08:11:02','1998-01-26 04:36:46'),(87,'id','Quibusdam veniam voluptas in porro. Provident distinctio vero architecto ea qui ea sed. Et quae rerum quibusdam distinctio placeat odio.',400.30,40,'2009-05-29 22:21:14','1970-11-14 21:42:50'),(88,'quia','Sed dolores eum et quisquam ad quasi deserunt. Eos qui harum aperiam aut voluptas. Ex ex sint amet molestiae enim quia. Ex et incidunt ut eveniet autem.',3016.85,26,'1992-03-26 14:21:28','1981-10-09 18:40:02'),(89,'maxime','Delectus dolore quia enim ipsum sit. Perferendis eos repellat pariatur voluptatibus blanditiis omnis. Tempore in magni eius sint mollitia quod et nihil.',2.93,52,'2017-04-22 20:59:30','1989-12-02 20:28:12'),(90,'temporibus','Repellendus error suscipit minus qui ipsam. Distinctio non et deleniti voluptas est sint. Aut animi consequatur dicta quis ab voluptas libero.',53623.96,9,'2002-12-13 13:04:51','2005-03-20 09:20:34'),(91,'et','Vel ipsam sapiente debitis recusandae nesciunt et. Qui vel dolor corrupti sunt.',1719341.00,40,'2012-01-03 03:46:24','1988-01-30 08:07:17'),(92,'rerum','Sequi provident aliquam itaque excepturi blanditiis dolorem. Architecto ut voluptatum molestiae deleniti quisquam rem beatae sed. Molestias voluptatem totam ad. Sunt non aliquam eius similique consequuntur ratione. Et eos cupiditate animi eveniet similique aut.',0.00,4,'2018-01-04 10:16:46','2009-08-02 16:29:54'),(93,'delectus','Minima voluptatibus mollitia laborum ex assumenda quo debitis omnis. Aut id sequi qui dolorum. Soluta consectetur praesentium ipsam aspernatur.',149.45,67,'2002-12-28 17:56:38','2001-07-28 07:22:21'),(94,'nesciunt','Consequuntur tenetur repellat perspiciatis nesciunt illum. Quam molestiae quia voluptates itaque recusandae eius provident corrupti. Facere ea reiciendis dolore dolorum ab. Veritatis earum doloribus natus sunt asperiores unde.',39856179.01,10,'1997-11-02 10:40:11','2008-02-19 05:58:30'),(95,'commodi','Odit expedita assumenda magnam nostrum et et. Tenetur omnis veniam mollitia repudiandae in. Dolorem aut incidunt porro deleniti placeat enim.',68.06,69,'1981-09-04 11:50:34','1977-02-26 22:59:12'),(96,'dolorum','Iure delectus sit eum quam non ratione. Neque natus tempora est quo beatae consequatur molestiae.',92208119.01,64,'1993-04-11 06:03:30','1991-11-03 02:07:37'),(97,'voluptate','Dolorum dolore illo minima ut impedit fugiat. Quaerat nemo incidunt voluptate laudantium. Necessitatibus provident dolor ad pariatur ratione enim. Voluptatem illum sed harum.',0.00,83,'1989-10-11 00:51:52','1999-06-28 06:39:57'),(98,'sequi','Aliquam explicabo aut quam. Dignissimos quae impedit libero debitis suscipit deserunt consequuntur. Quisquam dolorem laborum eos sunt voluptatem magnam amet. Veniam sed debitis aut iusto delectus voluptas.',0.00,41,'1971-07-18 21:06:24','2018-10-17 16:52:09'),(99,'vero','Et non eaque nulla ducimus voluptatem. Veniam ab similique odit qui culpa numquam sit. Doloribus maiores voluptatibus quo officiis dolorum velit natus totam. Aut commodi aut maxime explicabo et rerum magni laudantium.',1.70,54,'1981-06-07 10:40:39','1979-11-06 09:47:01'),(100,'eligendi','Minus et itaque dicta sit quis voluptas. Blanditiis natus reiciendis ipsam quibusdam aut ipsam quod. Non provident voluptate velit. Perspiciatis voluptatum aut magni ea qui.',6.00,87,'1999-04-14 11:02:30','2001-03-26 11:09:31');
/*!40000 ALTER TABLE `products` ENABLE KEYS */;
UNLOCK TABLES;

--
-- Table structure for table `storehouses`
--

DROP TABLE IF EXISTS `storehouses`;
/*!40101 SET @saved_cs_client     = @@character_set_client */;
/*!40101 SET character_set_client = utf8 */;
CREATE TABLE `storehouses` (
  `id` bigint(20) unsigned NOT NULL AUTO_INCREMENT,
  `name` varchar(255) COLLATE utf8mb4_unicode_ci DEFAULT NULL COMMENT 'Название',
  `created_at` datetime DEFAULT current_timestamp(),
  `updated_at` datetime DEFAULT current_timestamp() ON UPDATE current_timestamp(),
  PRIMARY KEY (`id`)
) ENGINE=InnoDB AUTO_INCREMENT=21 DEFAULT CHARSET=utf8mb4 COLLATE=utf8mb4_unicode_ci COMMENT='Склады';
/*!40101 SET character_set_client = @saved_cs_client */;

--
-- Dumping data for table `storehouses`
--

LOCK TABLES `storehouses` WRITE;
/*!40000 ALTER TABLE `storehouses` DISABLE KEYS */;
INSERT INTO `storehouses` VALUES (1,'nobis','1991-05-08 01:08:21','1998-09-02 02:08:23'),(2,'natus','2020-03-18 19:04:00','1990-05-24 07:28:01'),(3,'libero','1970-04-17 19:52:40','1994-10-18 18:32:25'),(4,'sunt','2006-08-25 22:15:44','1997-05-27 16:51:18'),(5,'voluptas','2009-04-03 23:56:49','2001-09-26 08:28:01'),(6,'qui','1998-11-17 20:29:42','2010-09-07 17:12:27'),(7,'aut','1977-12-04 06:20:37','2012-08-12 18:14:52'),(8,'quos','1980-05-13 14:55:40','2016-03-31 06:17:50'),(9,'qui','1991-01-25 00:58:17','1993-11-23 04:15:15'),(10,'qui','2020-07-09 08:39:58','1973-12-03 20:02:04'),(11,'voluptate','2018-11-30 02:46:13','1978-07-19 03:54:00'),(12,'qui','2011-11-25 03:08:30','2006-07-23 10:41:02'),(13,'quae','1989-12-27 01:33:00','1994-02-17 22:20:32'),(14,'repudiandae','1970-12-20 11:20:30','1981-01-23 00:27:41'),(15,'et','2002-05-30 19:04:32','1972-01-28 09:44:11'),(16,'voluptatem','2012-12-21 05:55:10','1973-02-16 01:21:08'),(17,'vel','2016-07-15 04:59:07','1982-04-12 17:47:59'),(18,'sed','2009-02-28 15:11:31','1987-11-11 15:51:26'),(19,'est','1971-07-16 11:20:10','1999-10-21 08:31:38'),(20,'consectetur','1992-05-22 15:53:32','1993-10-07 02:20:31');
/*!40000 ALTER TABLE `storehouses` ENABLE KEYS */;
UNLOCK TABLES;

--
-- Table structure for table `storehouses_products`
--

DROP TABLE IF EXISTS `storehouses_products`;
/*!40101 SET @saved_cs_client     = @@character_set_client */;
/*!40101 SET character_set_client = utf8 */;
CREATE TABLE `storehouses_products` (
  `id` bigint(20) unsigned NOT NULL AUTO_INCREMENT,
  `storehouse_id` int(10) unsigned DEFAULT NULL,
  `product_id` int(10) unsigned DEFAULT NULL,
  `value` int(10) unsigned DEFAULT NULL COMMENT 'Запас товарной позиции на складе',
  `created_at` datetime DEFAULT current_timestamp(),
  `updated_at` datetime DEFAULT current_timestamp() ON UPDATE current_timestamp(),
  PRIMARY KEY (`id`)
) ENGINE=InnoDB AUTO_INCREMENT=101 DEFAULT CHARSET=utf8mb4 COLLATE=utf8mb4_unicode_ci COMMENT='Запасы на складе';
/*!40101 SET character_set_client = @saved_cs_client */;

--
-- Dumping data for table `storehouses_products`
--

LOCK TABLES `storehouses_products` WRITE;
/*!40000 ALTER TABLE `storehouses_products` DISABLE KEYS */;
INSERT INTO `storehouses_products` VALUES (1,5,33,6,'2011-06-25 23:31:26','2015-02-20 11:01:34'),(2,5,41,6,'1972-07-04 17:14:50','2017-11-03 03:28:17'),(3,4,55,1,'1986-03-15 06:57:32','1991-04-02 16:43:19'),(4,17,55,3,'2002-11-24 08:25:19','2018-07-05 00:39:12'),(5,11,61,3,'1982-08-12 21:28:27','2010-03-10 22:27:31'),(6,6,15,4,'2016-08-05 07:18:41','1997-06-25 22:32:28'),(7,13,2,7,'1976-09-07 03:04:38','1974-08-23 06:46:38'),(8,20,41,6,'1995-05-20 08:07:50','1982-12-03 19:40:11'),(9,19,7,2,'1987-08-19 00:16:06','1974-07-26 18:42:08'),(10,4,23,9,'2016-08-26 00:51:06','1995-07-20 20:23:41'),(11,11,20,3,'2010-04-02 23:10:58','1991-02-03 09:27:46'),(12,10,66,9,'2011-11-27 22:57:35','1974-09-26 02:59:29'),(13,16,91,5,'1996-12-03 18:42:42','2003-09-29 08:24:31'),(14,17,74,1,'2005-01-20 00:58:34','2001-11-03 08:04:25'),(15,18,93,1,'2016-09-16 06:02:11','1987-08-25 19:58:39'),(16,1,9,1,'1994-08-12 03:52:31','1979-02-18 17:12:13'),(17,5,28,7,'1978-07-02 08:52:11','2018-12-13 00:31:17'),(18,10,45,2,'1983-09-25 15:11:30','1983-08-11 12:00:22'),(19,17,33,3,'1986-03-05 12:42:25','2021-04-12 03:50:32'),(20,20,33,9,'1995-05-08 19:22:42','1993-04-04 03:40:03'),(21,19,28,2,'1970-02-02 11:06:41','2008-03-15 03:10:56'),(22,10,55,4,'2017-05-16 22:42:36','1988-09-30 02:52:06'),(23,6,47,4,'1972-01-04 13:43:15','2003-03-21 06:09:39'),(24,20,24,7,'1992-03-17 07:16:32','1972-10-26 14:22:48'),(25,11,15,4,'1998-10-12 00:31:32','2004-10-10 00:44:08'),(26,10,4,8,'2007-04-08 12:34:38','2009-11-08 10:49:03'),(27,7,92,9,'2019-04-28 18:01:11','1985-03-04 09:39:33'),(28,14,13,5,'1976-08-11 17:23:12','2020-08-30 03:44:04'),(29,17,51,7,'1983-01-25 10:15:05','2014-06-22 09:00:48'),(30,18,68,6,'1991-09-15 19:07:30','1979-06-08 01:56:12'),(31,9,89,8,'1976-08-20 01:02:37','1984-02-02 22:47:29'),(32,16,68,7,'1997-05-26 09:25:51','2003-01-28 14:50:34'),(33,4,27,7,'2014-07-14 17:27:16','1978-07-13 06:32:33'),(34,3,99,1,'2006-11-17 19:56:39','2014-12-24 18:58:35'),(35,12,12,4,'2017-05-08 06:12:40','2012-03-05 11:33:30'),(36,7,51,6,'1981-05-10 05:48:53','2017-05-26 11:55:24'),(37,8,80,9,'1996-10-01 10:01:26','2003-05-22 14:46:57'),(38,2,67,9,'2005-12-04 15:49:14','1977-04-28 14:37:30'),(39,6,2,3,'1981-10-24 04:49:12','2009-01-26 11:55:44'),(40,18,79,2,'2019-10-17 17:19:16','1971-03-20 20:46:00'),(41,4,36,9,'1984-07-25 10:18:44','1994-11-25 13:17:04'),(42,17,49,5,'2011-01-22 19:17:02','1987-06-04 02:38:50'),(43,6,52,4,'1970-03-14 19:13:43','2004-02-13 11:57:56'),(44,13,9,4,'2011-11-07 05:22:35','2013-01-16 23:27:39'),(45,1,47,7,'2018-12-25 09:02:20','1970-12-31 10:59:41'),(46,16,45,8,'2007-08-12 10:18:02','1996-05-10 16:25:36'),(47,8,54,1,'2012-08-06 16:00:29','2016-11-10 09:09:25'),(48,3,52,5,'2003-03-20 07:37:09','2014-08-13 17:20:03'),(49,16,24,2,'2019-05-10 10:41:24','1999-10-27 13:12:30'),(50,10,38,2,'1988-02-27 09:58:01','1987-06-26 00:38:04'),(51,7,81,5,'1994-05-26 22:06:17','2006-07-20 12:23:22'),(52,18,74,7,'2008-05-31 17:40:55','1991-07-19 10:26:57'),(53,12,95,6,'2013-10-30 06:45:10','2003-12-29 11:26:31'),(54,9,86,7,'1983-07-22 23:14:55','1973-03-12 21:10:44'),(55,20,31,2,'2010-07-12 10:12:35','1990-07-07 12:45:05'),(56,13,11,2,'1974-02-16 11:41:32','1985-05-30 06:08:10'),(57,14,47,9,'1989-06-08 20:51:41','1973-08-10 17:11:53'),(58,12,93,5,'2008-09-21 12:07:37','1999-09-17 22:13:56'),(59,20,22,3,'2014-12-16 22:53:02','1998-06-06 21:48:45'),(60,1,99,3,'2010-05-05 20:48:17','1981-03-06 13:09:54'),(61,14,78,4,'1994-08-23 18:07:11','1985-11-03 06:15:46'),(62,9,4,1,'1991-03-13 23:07:00','2003-08-11 23:42:56'),(63,7,55,3,'1986-12-14 20:37:03','2001-05-18 10:14:22'),(64,11,11,4,'2015-06-21 17:33:51','1976-12-14 02:41:57'),(65,16,4,7,'1992-05-30 20:04:44','1998-01-20 10:01:45'),(66,10,14,5,'1992-12-16 23:51:06','1997-07-19 17:01:45'),(67,17,37,7,'1999-10-28 21:23:33','2004-06-16 03:21:44'),(68,18,45,8,'1997-07-13 05:37:31','1979-03-19 15:42:13'),(69,7,27,8,'2007-05-06 05:05:39','1977-01-23 03:29:36'),(70,6,27,6,'1976-01-27 02:13:26','1987-02-25 14:57:38'),(71,12,94,6,'2021-04-21 14:57:39','2015-03-04 15:40:10'),(72,8,23,7,'2008-03-24 10:41:59','1971-04-13 10:40:10'),(73,9,97,4,'1993-11-26 21:26:00','2019-03-21 12:02:51'),(74,3,38,1,'2011-08-18 01:57:06','1973-07-19 10:12:34'),(75,4,17,9,'2017-08-01 06:51:31','1998-01-26 05:29:33'),(76,8,86,2,'1974-12-21 03:06:01','1973-03-20 09:22:20'),(77,19,80,7,'1981-03-21 08:16:05','2016-08-21 16:08:52'),(78,18,25,5,'2009-04-19 23:19:59','1975-04-23 18:54:21'),(79,7,44,2,'1975-01-10 20:40:25','2006-03-16 11:07:56'),(80,8,13,4,'1997-06-18 06:48:45','2006-03-01 19:44:13'),(81,10,83,6,'1972-04-19 05:32:11','2013-01-22 07:04:23'),(82,6,32,2,'2006-06-30 19:12:21','1981-11-23 01:37:52'),(83,4,13,2,'1999-04-21 06:10:00','2013-04-24 20:21:34'),(84,16,50,1,'1992-03-02 06:47:00','2002-10-28 13:06:33'),(85,8,6,6,'2018-01-24 15:21:27','1984-02-09 10:39:28'),(86,16,96,6,'1971-04-04 16:58:34','2019-02-22 13:02:11'),(87,20,13,8,'2014-05-26 11:12:19','1975-07-03 14:06:18'),(88,4,41,1,'2020-07-26 12:02:32','2004-09-15 10:37:18'),(89,2,33,3,'2002-05-03 07:11:04','1997-01-13 23:57:47'),(90,16,28,6,'2010-12-08 07:55:13','1980-09-30 11:47:06'),(91,10,15,7,'1986-06-02 01:35:34','2005-03-02 16:05:28'),(92,3,43,4,'2005-08-25 02:54:18','1978-12-25 08:08:53'),(93,19,2,4,'2010-03-23 13:22:00','1971-06-03 17:02:58'),(94,14,28,5,'2018-04-07 09:02:59','1976-08-03 00:15:57'),(95,9,3,2,'1989-11-18 00:11:52','1988-03-18 07:47:18'),(96,9,92,8,'1989-02-19 19:49:28','1992-12-21 21:47:50'),(97,18,66,1,'2001-03-28 06:13:13','1984-06-02 12:11:58'),(98,5,5,8,'2007-10-10 03:44:29','2000-01-13 00:36:44'),(99,16,100,4,'2016-09-17 05:39:04','2012-06-28 08:33:28'),(100,11,17,3,'2003-04-19 11:56:34','1996-02-01 18:23:42');
/*!40000 ALTER TABLE `storehouses_products` ENABLE KEYS */;
UNLOCK TABLES;

--
-- Table structure for table `users`
--

DROP TABLE IF EXISTS `users`;
/*!40101 SET @saved_cs_client     = @@character_set_client */;
/*!40101 SET character_set_client = utf8 */;
CREATE TABLE `users` (
  `id` bigint(20) unsigned NOT NULL AUTO_INCREMENT,
  `name` varchar(255) COLLATE utf8mb4_unicode_ci DEFAULT NULL COMMENT 'Имя покупателя',
  `birthday_at` date DEFAULT NULL COMMENT 'Дата рождения',
  `created_at` datetime DEFAULT current_timestamp(),
  `updated_at` datetime DEFAULT current_timestamp() ON UPDATE current_timestamp(),
  PRIMARY KEY (`id`)
) ENGINE=InnoDB AUTO_INCREMENT=101 DEFAULT CHARSET=utf8mb4 COLLATE=utf8mb4_unicode_ci COMMENT='Покупатели';
/*!40101 SET character_set_client = @saved_cs_client */;

--
-- Dumping data for table `users`
--

LOCK TABLES `users` WRITE;
/*!40000 ALTER TABLE `users` DISABLE KEYS */;
INSERT INTO `users` VALUES (1,'est','1973-12-24','1978-07-28 18:13:09','2020-12-11 06:19:22'),(2,'et','2020-04-30','1990-10-06 05:09:16','1991-06-25 01:20:05'),(3,'dolorem','1978-08-08','1988-05-19 00:46:09','1989-10-23 06:29:16'),(4,'doloribus','1978-11-27','1978-01-07 03:55:59','1983-04-05 21:53:32'),(5,'aperiam','1986-05-11','2005-06-16 10:24:34','1989-12-06 15:56:09'),(6,'molestiae','1990-07-27','2007-12-31 05:42:37','2016-12-27 21:11:59'),(7,'voluptas','2016-10-17','2005-05-18 03:20:48','2007-07-25 07:15:57'),(8,'est','1999-04-12','1999-10-23 01:35:05','2006-07-16 07:09:12'),(9,'placeat','2007-03-18','2002-03-14 22:11:07','1995-10-09 22:59:15'),(10,'deserunt','1998-05-20','1991-03-01 02:24:38','2001-02-04 20:22:13'),(11,'atque','2010-06-01','1986-05-11 14:15:45','1998-06-18 03:38:33'),(12,'nihil','1988-10-05','2017-06-27 06:18:19','1976-08-17 00:47:42'),(13,'vel','2016-12-05','1975-02-13 10:16:31','1997-01-10 15:01:31'),(14,'accusamus','2020-02-27','2000-02-04 00:05:15','2017-11-21 12:55:09'),(15,'ratione','1998-06-24','1997-01-23 21:10:05','1988-08-18 22:01:02'),(16,'ut','2017-08-10','1993-07-14 09:22:28','2002-04-18 22:32:00'),(17,'saepe','2000-07-21','1989-10-24 04:49:39','1972-05-20 21:17:51'),(18,'vel','1991-05-13','1977-06-20 21:21:15','1996-08-21 20:00:30'),(19,'sunt','2016-01-22','1996-12-21 15:33:52','1985-06-15 07:57:12'),(20,'voluptatibus','2011-11-12','1993-04-19 17:42:21','1987-09-15 05:55:08'),(21,'et','1976-05-27','1973-10-24 20:01:57','2018-03-04 23:16:10'),(22,'hic','1984-01-11','2019-08-29 10:45:11','1989-10-16 13:16:07'),(23,'hic','2015-03-23','1988-04-28 01:05:42','2019-11-01 00:27:50'),(24,'et','2008-03-01','1989-10-03 02:52:12','1987-08-24 05:59:45'),(25,'aut','1996-07-06','1991-10-17 19:27:59','1973-04-08 04:15:14'),(26,'labore','1970-01-15','1988-10-25 02:22:34','1990-11-23 18:46:35'),(27,'nihil','1982-09-30','1995-04-07 07:15:13','1999-06-26 16:03:49'),(28,'illo','1986-10-20','2015-01-25 00:59:32','1980-07-10 20:50:45'),(29,'quod','1998-04-15','2000-02-10 00:47:09','1997-11-17 21:51:25'),(30,'nostrum','1989-12-13','2008-04-09 23:50:40','1978-02-18 15:28:43'),(31,'et','2007-06-28','1981-01-29 09:39:55','2020-10-18 00:25:08'),(32,'ea','2012-04-15','1983-05-14 21:07:06','2019-02-06 23:32:27'),(33,'odio','2016-04-10','1997-10-16 10:42:19','2002-05-25 18:04:07'),(34,'aut','1991-06-12','1975-02-26 11:43:03','2016-08-06 07:15:52'),(35,'quasi','2011-01-24','1981-08-22 17:22:25','1999-04-17 00:02:39'),(36,'nesciunt','1985-06-06','2019-04-04 13:51:50','1979-04-28 06:34:43'),(37,'ex','2013-07-30','1979-09-24 09:41:23','2007-12-31 14:53:37'),(38,'omnis','2018-11-05','1971-11-03 03:45:10','1984-03-21 17:21:46'),(39,'nostrum','1975-11-20','2015-11-27 19:15:54','2004-12-07 17:01:30'),(40,'nostrum','2016-09-26','2020-11-30 15:53:29','2017-12-14 18:14:34'),(41,'veniam','1986-09-18','1988-10-27 21:56:31','1973-01-08 06:47:27'),(42,'sunt','1991-09-24','1998-06-23 08:51:45','2006-12-03 22:46:25'),(43,'cupiditate','1974-05-27','2000-04-23 08:43:37','1988-06-30 19:41:38'),(44,'doloribus','1990-09-23','2013-08-12 02:43:14','2010-08-25 04:10:59'),(45,'facere','1990-07-14','1993-10-08 18:03:22','1988-07-24 03:05:10'),(46,'iste','1980-04-16','1985-05-10 12:43:34','1982-11-09 04:49:39'),(47,'fugiat','1977-03-27','2001-07-04 21:17:44','1987-08-30 19:50:38'),(48,'rerum','2014-11-19','1980-07-11 23:02:20','1993-05-09 15:15:57'),(49,'sapiente','1981-06-01','1995-09-03 10:28:30','1987-01-08 09:06:23'),(50,'alias','1997-07-08','1971-05-20 18:41:23','1988-04-24 21:55:50'),(51,'ad','2003-02-22','1983-10-26 01:43:42','1971-02-22 14:21:50'),(52,'a','1999-08-07','2015-01-05 13:51:41','1980-09-10 02:39:00'),(53,'consequatur','2008-11-27','1975-01-02 01:28:08','1974-12-15 11:41:39'),(54,'architecto','1996-10-18','1984-04-13 07:36:31','1971-10-01 04:27:15'),(55,'ut','2014-04-22','2010-04-30 15:02:59','2017-04-15 18:09:19'),(56,'necessitatibus','1975-12-30','1992-05-02 09:28:39','1980-05-07 13:11:47'),(57,'earum','1988-05-27','1981-05-18 08:38:03','2012-04-01 01:22:43'),(58,'illo','1984-08-12','1996-12-19 07:01:46','2015-10-17 05:19:37'),(59,'laudantium','1972-04-17','1991-01-19 10:39:44','1986-06-14 09:54:01'),(60,'est','1978-09-20','1983-08-06 06:49:39','1970-01-22 07:03:46'),(61,'consequatur','1983-06-22','1986-10-23 12:21:16','1977-08-21 21:37:41'),(62,'nulla','2002-12-09','2003-05-21 17:46:29','2010-06-17 22:03:40'),(63,'qui','1975-11-23','2011-04-25 02:42:31','1992-02-13 09:03:52'),(64,'aliquid','1977-07-19','2019-03-08 17:36:22','1996-07-21 07:25:45'),(65,'consequatur','1993-11-13','1979-04-11 08:51:25','2001-05-02 18:15:50'),(66,'corrupti','1984-02-14','1994-03-04 20:15:45','1972-07-30 10:34:30'),(67,'ut','1977-09-07','1970-06-15 07:42:53','2016-11-21 17:56:59'),(68,'doloribus','2016-05-07','2006-01-05 16:18:41','2014-03-18 17:57:09'),(69,'corrupti','2005-06-09','2005-05-01 18:55:33','1989-02-21 19:08:18'),(70,'non','2016-10-07','1985-04-05 11:45:50','1990-08-16 19:43:53'),(71,'architecto','2007-03-07','1977-03-03 22:41:30','2018-11-08 05:56:12'),(72,'aut','1982-03-18','2014-03-24 03:13:55','2020-09-30 01:01:01'),(73,'et','2012-08-12','2014-12-30 06:21:09','2008-08-11 19:36:16'),(74,'in','1974-11-15','1979-04-08 03:06:40','2015-07-04 22:08:45'),(75,'a','2014-06-27','1972-05-30 23:02:44','2012-06-28 10:34:54'),(76,'nostrum','2002-03-10','1976-08-17 13:45:31','1992-02-07 21:18:40'),(77,'provident','2008-09-07','1987-12-18 07:21:25','2007-06-03 14:33:23'),(78,'nemo','1983-08-14','2007-02-17 18:10:21','2008-02-10 01:19:40'),(79,'ratione','1971-07-24','1994-02-26 05:35:07','1974-07-17 03:44:13'),(80,'voluptas','2019-06-25','1988-12-14 18:12:18','1979-10-01 12:07:50'),(81,'corrupti','2012-12-23','2017-03-23 21:26:16','1993-01-14 13:42:32'),(82,'cumque','2008-11-22','1982-05-28 17:46:08','2009-03-04 23:14:04'),(83,'consequatur','1975-07-22','1988-11-04 09:49:56','1988-08-18 01:52:30'),(84,'aut','2019-08-30','2004-09-28 23:59:13','2004-05-06 02:14:16'),(85,'aut','1974-06-04','1986-04-29 03:04:07','1993-07-25 19:41:12'),(86,'veritatis','1977-07-06','2002-09-23 02:45:17','1987-04-16 09:58:13'),(87,'dolores','2014-01-04','1970-12-09 16:59:24','2012-01-19 05:23:19'),(88,'vel','2009-03-06','1992-10-16 07:48:03','1993-05-30 10:38:22'),(89,'at','1985-11-16','1980-09-14 23:17:56','1996-06-14 23:03:41'),(90,'velit','1983-02-02','1978-07-11 13:13:12','2010-01-28 11:30:05'),(91,'perferendis','1999-12-19','2011-02-18 18:14:12','2018-08-13 22:10:56'),(92,'maxime','2002-08-10','1990-05-16 23:37:28','2015-01-18 17:33:11'),(93,'qui','1971-07-17','1970-01-29 12:28:13','1999-12-15 07:57:32'),(94,'qui','2008-01-02','1970-02-15 13:46:18','2017-06-06 19:21:21'),(95,'ut','2013-08-08','1989-06-26 00:03:35','2014-11-19 10:48:40'),(96,'maxime','1997-07-05','1970-11-09 23:37:39','1993-09-28 19:17:39'),(97,'perferendis','1991-02-25','1994-12-21 12:14:43','1987-09-11 07:18:22'),(98,'doloribus','1996-10-23','2014-07-14 12:41:00','1998-10-15 09:58:58'),(99,'reiciendis','2020-08-30','1986-06-30 17:04:35','2005-06-22 04:38:54'),(100,'nesciunt','1972-06-16','2002-10-22 20:08:14','2015-11-09 01:40:07');
/*!40000 ALTER TABLE `users` ENABLE KEYS */;
UNLOCK TABLES;
/*!40103 SET TIME_ZONE=@OLD_TIME_ZONE */;

/*!40101 SET SQL_MODE=@OLD_SQL_MODE */;
/*!40014 SET FOREIGN_KEY_CHECKS=@OLD_FOREIGN_KEY_CHECKS */;
/*!40014 SET UNIQUE_CHECKS=@OLD_UNIQUE_CHECKS */;
/*!40101 SET CHARACTER_SET_CLIENT=@OLD_CHARACTER_SET_CLIENT */;
/*!40101 SET CHARACTER_SET_RESULTS=@OLD_CHARACTER_SET_RESULTS */;
/*!40101 SET COLLATION_CONNECTION=@OLD_COLLATION_CONNECTION */;
/*!40111 SET SQL_NOTES=@OLD_SQL_NOTES */;

-- Dump completed on 2021-06-14 11:19:43
